,CEP_dist,DSCT_dist,EB_dist,RRL_dist
0,8.996798372851488,4.918553507822959,7.904214533641861,7.563038394907474
1,8.639581417249856,3.463969167872084,7.803452468335308,6.099023139070966
2,7.165927114730463,9.936867740293518,10.338536704069286,8.959118856463505
3,8.570452928698604,12.164695200891803,13.027954661518443,11.739504500643509
4,12.597370331599322,9.89804532373422,9.499732526173654,11.401580895664187
5,9.191131078862101,7.592214819188173,8.2005257188611,6.127258801977658
6,8.248193888755688,9.197965083701737,10.010171628474549,8.226143871298936
7,12.300946168905739,10.811578862287803,9.662584853195815,10.22194003632881
8,8.305979817078981,7.471405306524386,4.690392728148285,6.287705622662347
9,9.029062194588484,7.73577106901404,6.590231439630592,7.696546239660665
10,14.987270189495975,12.408440462082362,12.858388638336688,14.001790334217109
11,5.758056329681095,7.768242381861531,8.66751983428432,7.6605358573548825
12,7.7754359357796625,7.1232695790664335,8.39233060665775,4.98020146829691
13,9.15476224732692,7.862817927755599,6.5079323198015055,9.209617571400207
14,9.457790693527514,8.552122603587236,6.252968088651054,6.8207135497051885
15,9.512123436044043,5.717794375777692,9.547002946883195,6.746124647641172
16,11.224820877504198,9.57494216931449,10.79198373745639,11.313665498330776
17,7.533464919119408,3.3916744750706376,7.292835068493888,6.087544125896732
18,9.857598851559711,7.273965261106558,10.275585514106913,7.941493931732632
19,8.358952042961603,3.7689532177990075,7.860999953333445,6.170558473937085
20,5.291720788878288,8.585315983211856,9.608537603599292,7.124621935459773
21,7.341816783727097,6.750237348271523,5.461089025396614,5.872322276753608
22,6.363205106180887,10.632114258234763,9.282646795503851,9.51745803573666
23,9.27225352138302,6.870146518845618,10.123979679279843,8.227387266944794
24,9.215193700691515,7.431048097200559,5.465470471387922,6.748352337823314
25,7.457476869790465,5.9342043163063805,8.715156967158467,7.465684159703033
26,8.861501662511424,8.65567916331421,4.424284458911355,7.484939483254362
27,12.078621886350785,11.031490105602865,10.473407385561515,11.896766216230588
28,7.788748302985716,5.983080502640513,6.226632177904565,6.773337621368353
29,10.808670592040764,9.43013651201815,9.782226574377455,11.012071415116804
30,9.8349544491716,8.479247016015888,8.955262978851607,6.7545503834749265
31,8.061411690944091,5.9859467792184295,6.174507086026297,4.980367347132992
32,13.505018595922676,12.273367585116677,10.685910373074092,12.914143534043285
33,8.287062806879826,6.628980005109797,8.333003807909892,4.818833696327839
34,8.995971451642934,8.308482973324972,10.12947428140296,7.286119992492605
35,9.039224419230727,8.106872751624485,6.527410458640123,7.920330224229705
36,7.873495835530205,7.04384512397026,7.910438987268958,4.033399327422409
37,5.473927193124692,8.236135704080587,9.343979007446778,7.9504064176994
38,8.670370360253585,4.629688159883756,8.889782662977801,6.4124158040912675
39,6.131474098564275,4.704959083621925,7.987817125827568,5.877371814972052
40,10.67472475532835,8.019782001101216,8.119035243012785,8.658968464025149
41,9.302663383629138,7.275271064629976,6.231107933144165,5.973769995937623
42,7.053268600404131,6.363878985105162,6.977292251217613,4.3809375860511155
43,5.6914215976945055,8.777367780257771,8.886074187336424,8.564653814895669
44,10.69745965099709,7.060942930579825,9.35636662581473,8.849877820243588
45,6.936463958303949,7.002099561105345,7.318373311928213,3.5201503612149456
46,12.683447639726165,10.940539406059546,10.074892020294056,12.085676532648865
47,7.510933952646374,10.236436738274698,10.40389173734172,10.076163119958874
48,10.684979625803086,9.960084641044093,10.121035656567502,10.609763599917411
49,6.795650928730636,5.258107291550055,6.386426906272593,2.623153333153334
50,9.223583323109217,5.2911801158065845,8.75874377978217,6.586346357682862
51,10.434137733297256,7.322544446782587,8.189951991752928,9.621192146521706
52,5.320632399879232,7.109271966490648,8.519563222410612,6.80118271925498
53,7.604056403088775,6.010250265882091,4.816854454648126,5.037180631856263
54,4.3296999023537595,10.153690948766034,9.411734878966222,9.709063792365386
55,8.883311166040647,7.0484760237017925,7.459945695195342,7.855580018165772
56,7.6481031094633805,5.9677374095829885,6.074183443522209,4.563730344872176
57,3.3983530024458397,7.5236495948863995,7.821774379719004,6.622142856294714
58,9.384865704850347,5.831200008443886,8.705986847417158,7.013330412233426
59,9.832984408183108,7.063426281996325,8.061817320918339,9.126154740956615
60,10.954815272940529,10.585818128915932,7.7245794516010715,8.249903778937274
61,7.332293666935216,6.392713831974145,7.299124474501015,4.665143290914574
62,7.531987083706735,7.800763229068437,8.21072473868091,4.316487516207212
63,9.13034171891049,7.884075350645993,6.028933693418263,6.359024405137747
64,9.956018483496226,7.28526484550526,9.646292709013718,8.828075247973958
65,9.7807402749335,7.901899346492023,8.008766061766055,6.960826269312477
66,9.240698691159285,7.296467330516972,7.800294939251881,6.111569713405615
67,9.105272775667897,6.950704450770357,7.8966025588678175,8.656811565372664
68,8.796841597792708,4.316728488126129,8.936018276715906,6.1645527080834315
69,9.20257244401904,6.161234988339694,8.956801960583869,8.840445243760113
70,8.765130739379183,7.01518167520902,6.236982364345238,5.917286067653855
71,8.989664814777377,8.385358367350204,8.746416936651599,5.570529852332893
72,9.59270215616386,7.34382317308877,7.307847357431622,6.651916489483304
73,10.091268797474896,5.392529020964111,8.690126982977882,8.146462726101857
74,6.796695866994562,7.559495469520815,6.301076697498366,7.196099926795751
75,9.605530178034032,8.878869849775057,6.154369504161619,8.315635787007361
76,8.663454374813774,4.366247614176424,7.879949344869875,6.528226928323942
77,11.027918579510182,10.626859511135047,9.154615452587686,11.32495518289049
78,6.1608703869388455,7.805387793590189,5.929127408368982,7.642400837238876
79,13.075956530446792,11.063109343347973,10.38822987987224,11.950747847721239
80,4.8225971634628,9.32597993909814,9.036420730441279,9.360964249031717
81,9.440166484268486,4.967369307018117,8.494710218420414,7.997815273383357
82,8.902161041954578,6.947835171291418,7.516065981393514,4.960229423190906
83,10.434551903548314,9.838806590026778,10.4075720453832,7.192103837588423
84,7.383905428769823,6.175105796898572,8.303769490327669,6.626444041766034
85,11.147859094748297,6.059262033603465,11.007893816664286,7.722320113988397
86,9.246547366370516,3.076022144913989,7.891721338283257,6.26402012632773
87,10.04096207610694,6.2334417717649755,9.640530628420263,7.408554489572432
88,9.603825753765406,6.197225345331188,8.478063720714617,7.826162916711724
89,12.040168627694083,9.785342982640481,10.996946081945085,7.329113094750602
90,9.746830305347046,8.727191413543018,9.34281549106083,8.37913669403923
91,11.201193517750399,5.808756653156049,10.516499639526707,9.068369034037492
92,5.583035264892677,8.609666845900092,9.517335728578281,8.85145110246403
93,8.864855176599963,8.29082408570162,7.9526121133609005,9.03537673616755
94,8.184223522288315,3.1986520179941063,7.7179880402185095,5.701450228368363
95,9.503923943185235,5.255564506644032,9.33809528769886,7.982112160956392
96,8.894121529603572,6.911369938500425,5.488544406417087,6.526083872809731
97,7.637804467339427,5.500398743672954,6.6757603473680565,4.020787715827169
98,5.941509867576287,9.346696865677984,9.870833390398127,8.324521205953536
99,10.170670010994497,9.546042319254404,7.698311494008035,7.381116706933351
100,11.640784183744605,7.584571112560127,11.16279815329499,8.519642230375313
101,8.45766921809451,12.411579039356678,11.510223092266505,11.431945511749234
102,7.151987174047023,10.199090917043783,10.487279106642317,8.890378999013928
103,9.685942282688156,7.800160482417082,8.121470290222735,6.368138848167229
104,6.937650303980821,4.83176247820153,6.921491093099078,4.779500729931451
105,12.10053091048879,12.76746402195202,9.931533543087358,12.302504003745403
106,7.596062259501383,5.287638039009367,7.981600841374993,6.258321888114926
107,8.043433576250857,6.822032920765282,7.646537311057303,5.148039849013591
108,14.233397881615153,12.11848386855304,12.166054374935246,13.444660612981702
109,10.469577249278814,10.731632084208538,8.513729160983985,10.851489116788498
110,8.792098771953542,7.869033783935476,4.908708455137116,7.639421719433242
111,10.444201159221373,7.563447953714694,8.601265817602751,9.212274760219058
112,8.759200607613566,4.222383131385868,8.522435854486202,5.754147805333667
113,7.779129063637093,6.654789521981727,7.80498895141462,3.6999367911934926
114,8.919102815364335,11.991864984543362,13.169037177688438,12.033478299204218
115,9.666854212053186,11.98033513378495,13.316657183796153,11.918596899395249
116,10.413740350530482,4.229505895188499,9.259116336187164,6.619204405879126
117,5.825745683429719,7.9494694493772675,7.604783945082606,7.541589561620321
118,7.228260068816829,6.746443537636571,7.445257656142771,4.191345093591866
119,7.035982637369606,5.573169343179011,6.907270977812565,2.8944719886886996
120,7.71592840610143,7.612880083997454,7.261912507909123,5.419854390030353
121,8.087535636581954,2.840305898108312,7.172252708971688,4.497207737459699
122,5.1147452789587415,7.290051587261112,8.008390955117878,5.812469035934563
123,8.899659476063546,7.596021487679429,7.118613784960111,6.686151417192881
124,13.154247845900047,11.048694592217993,10.540752374774755,12.487775290264649
125,8.93233899023748,10.470951998801974,11.505177223963683,10.121224762371153
126,7.231502032950665,11.304200344003338,11.129656257788833,11.034899627460765
127,11.039752838827422,8.075312809289233,9.854684883522003,9.518286738576231
128,8.610195062268701,10.23271225068292,10.504547286154882,9.742833454786913
129,6.954600671402774,6.826746456979919,7.369970672006255,3.936148644254108
130,8.245924624111707,10.437508373664103,12.04651213768841,10.51621596628095
131,7.715735656216885,6.43988236891966,7.166010896155601,5.289504811292449
132,10.219003439598168,5.643828852684333,9.486245029122202,8.052637856145521
133,13.04575167661173,11.675632231114406,10.192491619425587,12.514990356831598
134,5.759375020295242,11.008145248663952,9.663756222436799,10.05429077099761
135,8.720426673072934,8.365775400449486,8.644941823588791,5.307842603195886
136,9.470213028689896,6.463804674370243,8.14386128527857,7.999922712115616
137,10.500729537322997,14.149709638134022,13.956198369521147,13.85868897193166
138,7.673844351105579,5.056430962772289,7.81119989334978,5.74592589338675
139,10.331970335964138,9.046215595872795,9.693347302378857,6.84943883549081
140,4.883664102671387,9.337270975139301,9.317750415884056,7.760537477866771
141,6.3354657863596975,9.029125612126768,8.59635503467286,7.2705210698080664
142,6.144097292232045,10.649191218247543,10.419216232548733,10.228478980200702
143,7.207178632017614,10.426726058377293,10.112886657597322,10.03465905754757
144,7.880153770685792,6.583126137949295,5.375588362600768,7.143668173399074
145,13.236950144351999,12.24073905120417,11.032867475864755,12.821510268364618
146,12.176939160014253,10.00938321398842,9.994164235235582,9.441099169753997
147,8.771173245435746,3.980258784803757,8.35603203087369,5.8725162577077645
148,12.149527709196299,11.822831878831817,8.96848269590664,11.920656106558422
149,2.781622598580107,8.711839981442228,8.24958583125085,7.657953665062401
150,7.444627795927607,6.21889597518994,5.028114361321101,6.920535790509743
151,8.518706105965366,6.081781481351229,9.294059528075548,8.381289648572611
152,7.448096532440571,8.940852794916848,6.232962957302849,7.965851222466224
153,8.23763816258505,8.720159363017263,9.297581998849324,5.892756752379239
154,13.558767322541295,13.456312909302703,11.93732548692492,12.355837849114366
155,9.59787565527031,8.968929951861037,9.058488217492362,6.7992021168746195
156,12.053549445744524,10.182830547526452,8.874700840883637,11.236139890768547
157,7.633514324630199,11.303046666925063,11.354921143565953,11.131676832781523
158,9.830230361643688,6.7179182788712355,7.013733043269856,8.068761995034325
159,7.427084181511817,6.691459181210262,7.344484011482442,3.0898403616829313
160,7.796398511959238,5.60158868153856,5.416158184312587,5.472117825803241
161,11.535970604080347,9.730084140329343,9.315828911922988,7.602506231855532
162,8.934961343996184,7.124229574628509,6.511880795360504,6.452413566891026
163,7.760391505740903,10.781589651601763,11.294804902786863,9.973961251263276
164,9.28210615034992,4.714823615115109,8.890377006333425,6.523126360255116
165,11.164276052855543,10.739842076287365,11.478754255890435,9.158824567758392
166,8.251524685031937,4.0133734437171995,7.816586814920233,6.974734332817444
167,7.143147348278209,5.073772887836966,7.713384651778961,6.152359675066204
168,11.699206356250931,10.89053559368232,7.393283626143701,10.02868272353615
169,7.462455109139562,5.780415947170651,8.577115664233268,7.382285517593418
170,7.324743566576016,6.6184961741045045,7.16457921162974,4.560912652848017
171,8.503643856025032,6.27721339038412,7.226411735692276,7.516934900051206
172,10.5055604045497,8.129241270543439,9.694872735128792,6.958316621785814
173,9.46015098889474,7.4422290045148864,5.963649833244474,8.10016197222446
174,8.21841141749462,6.647617182335598,6.375270412947431,7.776329723482691
175,10.350022636444146,8.909260445956358,5.503363813512092,9.1292102464825
176,10.850482484473112,11.043948068466422,8.15510888288025,10.5537891412377
177,7.014261034018111,8.05969754278828,8.34914493352609,5.592740570260776
178,8.024817019128726,7.613112666145229,8.28682302927846,5.275117754434286
179,6.825189076858918,11.833710427941886,11.014882610678871,11.07280758722281
180,9.787894847452899,8.924424799921303,10.580668610921231,7.089432815517562
181,5.412450601703093,8.119185572162483,9.412924377978811,7.081258782487891
182,7.326548686066781,5.03186374510934,5.803517642634977,4.264828706638382
183,9.73257766314104,5.857720069699135,9.65384117195092,7.7917561373976945
184,5.58363038853655,7.525166686224637,8.477486121099421,5.662682205028354
185,7.405740641491991,5.49987032749004,4.525601975312563,4.669002315795015
186,9.456507065305956,6.902017947363803,8.456133303759449,4.539771609057234
187,9.381472022387682,8.05332621070004,6.366336874403636,5.598240455048238
188,5.915985526052867,7.230446663440231,5.50341639002169,7.3688182021762545
189,3.834555181278779,8.503549056688872,9.046068509799895,6.853808235661209
190,7.842391105967382,4.982421379166301,8.521223695835472,7.04164969636644
191,11.245977163323861,9.867050645121818,9.258059902870244,10.15521309552966
192,3.3812083448048225,8.084144386150896,8.0188351767385,7.889243610452333
193,6.524557967835599,7.461078962657557,9.723657690191118,7.0984010473850585
194,5.712924487142443,8.887434449834988,9.478681238494879,7.694177013065373
195,13.106155196003838,15.37466067729552,15.486862621343152,15.542972512471467
196,5.665294512462846,8.98499599202742,9.681271140311864,7.733264956942611
197,11.58288822036429,8.2746454589732,9.90493898173086,7.444066067811972
198,12.704039209690265,11.05994412632193,9.546804184140782,11.936645791616225
199,4.6239083328454464,9.682865520530518,9.338991389633401,8.484381251773419
200,4.926552294501167,8.408445418111402,9.385239841658056,6.524326781125344
201,8.797159384914256,11.577549624880984,11.144682320766522,11.530094184800133
202,6.650703056058621,5.953236483508239,9.08331981488579,8.147567831879623
203,11.424545430466166,12.12224815697179,8.540806317526071,9.78230971493623
204,11.818711040743263,10.486945139182609,10.662809733359003,8.503857495567397
205,9.149599152757764,4.973322745570091,7.683615870792192,7.340511302718365
206,9.5317281821518,5.981244547004807,9.353057545007575,7.451942250285292
207,6.2294633623434414,7.167214171132876,8.367069618195467,7.284381787258435
208,13.322693589241874,9.92706196027449,11.952919204820962,11.952812839505615
209,9.184063380688505,7.855462740474438,7.744292556475458,8.721839401961676
210,11.042614120807452,7.926208028992917,10.905807538221676,9.117330464828958
211,10.607438251386606,5.684904468519044,9.647809381519258,8.158286868325334
212,7.538035628651954,7.59394264670802,3.467823722742021,6.44129696622613
213,9.938910664999144,5.394320498557793,8.611994084281323,8.461146639113217
214,10.614098256604498,5.856465260762315,9.548270974322548,8.737662046958308
215,5.090966261891504,8.24418100002883,10.20189455557489,8.384346371210796
216,9.380120537379716,5.080470313832852,8.967658022978688,6.310355835657926
217,11.993839084915697,8.468686044403471,10.113643419449188,10.734201842826579
218,9.063779741048599,9.491974501098369,7.850956617430166,7.720897524590103
219,5.899374976020657,10.382496472516431,9.40476727356005,8.564932843005074
220,6.484336960247901,8.916364424736138,10.510736815581263,8.97883518448986
221,8.650771562976269,6.389700893881341,7.572774575788742,4.856853195472272
222,9.051115418253705,4.820533876665814,6.623417489772776,5.54241869114977
223,7.472494944807218,8.267765079112769,5.974656563332127,7.092190343860795
224,8.398609307337475,10.962573492408676,12.02561694835494,10.929023907382495
225,10.981929589482045,11.244863993397647,8.615387929859061,10.039854234000442
226,4.801108373319863,8.58025905763819,9.65058988902234,8.674978453098758
227,9.53807464318872,4.428031489365156,9.311737075131093,6.896827474455256
228,7.741433054743851,6.836224670888765,7.449342880136117,4.162173608145533
229,9.297568300628575,5.323360193438911,8.900802960377181,7.001494480033412
230,9.531185313416703,6.101159077967651,8.101571385152507,8.697802313642152
231,10.315660094624452,8.526061248901632,7.270000531251617,10.031050942974924
232,9.390687380151494,4.2993145353562845,9.077571358091742,7.024999995852377
233,5.936384527727604,9.116863606352375,8.771130778891331,8.158127068544264
234,6.8315159440190785,5.823723750958503,7.0280933959931176,4.239585093243074
235,6.20131941379603,9.925616250764483,9.630162898716412,9.538628066143652
236,9.357934877299005,4.900490169588496,8.39114832960291,6.333930574686542
237,7.642776254861836,5.2316235707420775,6.46468206551965,3.6545555294366867
238,13.195046852799539,13.479280980357267,10.625173686638325,13.093127330190974
239,8.058840900385537,4.080612732727895,7.708929013111283,5.592350630700996
240,8.852115703002255,3.444006285508877,7.989941639434138,6.695211560259806
241,13.254415187647352,7.49895745920379,12.659181405534575,10.684230523628631
242,11.651311061812423,11.0470866268191,8.605324274646737,10.707940988732801
243,5.865748867526599,10.723835178555312,10.328927286403726,9.230631116053178
244,6.765961982334268,6.7867020149273305,8.007120065996073,4.083950383097041
245,3.5179009834544823,6.5984355784279165,7.567940049515977,6.196952337354418
246,10.162046563484006,8.485848382793103,9.513952848545097,5.797513209842116
247,13.025414744854304,11.753139348196406,8.687770611731873,11.841946407436147
248,7.823778087676325,7.570316692214695,8.122178881656039,5.714671038915607
249,12.452556572157397,9.392438283138919,11.601493189916518,11.582676783503357
250,6.708733786650871,11.387646969538924,10.15747410239968,9.735977629553737
251,7.918364678463413,6.810099301501603,7.796934139090656,5.017033283112052
252,8.823976370470755,7.6510228650796845,7.681986155768912,5.69182407875153
253,7.1583797063471755,7.179082961288096,5.613729639730747,6.517253135880198
254,10.823596676416395,11.006633771558214,9.703757509543616,10.95085725702203
255,5.707224754176196,9.009886524978551,8.797220371018025,8.690224090284788
256,8.34156438686323,6.4020646395761585,7.802997892787478,4.58659054865608
257,10.800782655844129,12.733933370203395,13.257468834357256,12.754504122255481
258,9.125849144780345,7.855331167698461,5.14197228311683,7.936457507785928
259,7.1858419721641225,11.982880618379697,12.766353757586929,11.527708903305335
260,7.335816397028654,5.711313446793268,6.607926424616679,3.360059294350445
261,8.101942624639374,5.828788400182126,6.651551374099692,5.57647628196533
262,10.072081989511123,8.047243679462545,8.339052875059526,6.970989885370836
263,9.496708057045408,5.653224351743975,7.6288435496701865,8.091935435289571
264,9.288416328443084,10.199012393002363,7.63705018171091,9.517979636279437
265,9.238493282655252,5.573982740199561,8.891114359029201,8.331454253564855
266,11.591303745120012,11.036721438912409,9.197212380471232,8.76763674417227
267,9.323667158098388,5.987840404317028,7.304161763013807,8.01740111767578
268,11.14748749765894,8.171999375218821,9.766609640666646,7.924360682466211
269,10.188460199278602,6.9481927578575675,9.628962459724434,8.45587554853997
270,6.2265874173207445,8.511912042317693,9.981106697777593,8.268575917182142
271,5.244368542188214,9.185610276725594,9.866302444917094,8.66674991119094
272,9.011437347200102,7.136207350656933,9.44188465810992,8.238035436721068
273,7.444355789964885,10.007520295076189,9.910041544195101,9.292653922683279
274,10.639588764313284,5.883048428867734,9.360982641941522,8.97245262992902
275,14.067766900891376,12.94834325142853,12.271121407157985,13.539291023895577
276,7.532090075994766,4.392891175824753,6.827409976835404,3.4210797237029493
277,12.896452364347686,12.416240040320908,10.035088656179498,12.603992630307225
278,8.478789684540326,10.609410645994966,11.457257095859674,9.177194942229338
279,8.3832340023832,2.921339152894258,8.127524788584767,4.692131453083632
280,6.553472534897175,10.551464248804661,10.66851209288265,9.229486419956027
281,8.493832837695976,7.770844588879165,8.721451491080424,5.169611960348801
282,8.370611419364083,8.336585918969522,4.473101064527936,6.660842952694681
283,8.88986080179208,12.23197593113777,11.346947608297189,10.407054284449174
284,7.945183121076271,5.2830550871862645,6.2067476471501255,6.4033056789845695
285,7.538598648025933,8.561019066376392,5.542874900717086,8.045477498815764
286,10.681953922637126,10.437948515108108,6.937969238815558,8.533136851186164
287,8.458718019974768,7.648933388108022,4.520940297395079,7.685219871616805
288,5.998731781427776,8.22575040817219,8.248288369875011,7.984560796914651
289,7.597375542311031,5.156860002329837,7.196328076742463,2.6620492801945095
290,13.194532106942338,12.026604519873574,11.38009154979874,12.476022952210029
291,5.413085313396763,8.847677436035868,8.492532958669138,9.106563222538494
292,8.82514798715724,4.588224920515464,6.930767935453345,6.674635289361019
293,5.748876766789511,10.252775160174904,9.402027572441478,9.353146178156216
294,3.5622901553114343,8.538766581443316,8.759856531523955,6.823187463652244
295,8.223558557850364,6.612199261731554,6.914909044043728,4.641337574230756
296,7.7436127688607055,8.230687307151609,7.978774318796877,6.063882588927959
297,7.463881722669974,5.955201604847547,7.176050825832672,2.5598681478139538
298,14.51124809322879,14.16899943060577,12.875471144432273,13.300340636509565
299,9.772382183881179,9.594763820461313,11.108844048213115,10.17050901881382
300,5.7339365891741965,7.141879804924603,7.7953422617379635,6.821077620738028
301,8.368107826991245,7.569856989728721,4.705095441656436,6.809640809567066
302,7.938904145795771,9.80865040364412,9.354394280830434,9.298123719459431
303,10.371405417146942,8.951387159070483,8.189956958639108,8.641066982497517
304,5.716460616760553,7.538441993277951,8.33619225829771,6.92195344906721
305,8.294355076839631,2.9820428818330864,7.988804890984062,6.456959619004525
306,11.446305202109547,8.306952186544313,11.419614206949342,10.322116611835469
307,7.632978572063093,5.784806650041785,9.460479714603986,8.393616988614859
308,5.5940579563983475,8.860144689013204,9.044860495419643,7.193152762015447
309,4.438248626713958,9.58532207919013,8.144467719823844,7.901601471443844
310,8.85516229914358,4.620941529837393,8.136252663306543,7.549204108928439
311,12.882975587995723,12.666160953971138,10.581071693583466,12.312706155136755
312,8.903043002566196,4.424952929717604,8.720711522000768,6.375672016684507
313,6.222003290241946,9.341902334132202,8.246740636637844,7.270252428338706
314,8.403927228395625,7.9034698158173375,7.385611606446286,5.948405774865009
315,7.877267965081952,5.894593943221843,8.097242271648167,7.025907474855047
316,7.982855939958324,7.608652448440009,4.237303586092832,6.618445879733236
317,4.538893347918627,8.020514603820812,8.496071409715059,7.2587075721980625
318,5.818389180150329,6.641241602307322,7.44720195878598,4.816690012066659
319,10.616013176383882,8.207090621099084,9.893803733854728,6.9600830680493555
320,10.087422242153053,8.226077817804354,6.310879523398871,8.277406236537674
321,10.292220062705686,9.909316710360718,7.832956037868072,7.650900538755972
322,10.519779421895224,6.913847537573643,7.840456549374197,8.872069449166187
323,7.6508346388140644,9.2712355530833,9.283882839070742,8.677598068041119
324,6.477219424962839,10.5522072070586,9.91442951214153,9.261240370267963
325,13.751213775036192,12.792459421370298,10.966517098975743,12.95312236516743
326,13.849721703596238,9.116012189286758,11.822900935326595,11.97928567773138
327,7.259620340394345,10.098804784186724,11.39337476426812,9.955128144063474
328,9.34388206037237,10.551970373278099,12.547513316389265,10.21094077909637
329,3.69596208553158,9.460378599705189,8.622748099370066,8.079822945350724
330,9.056963839975824,11.226474193961074,11.106412964610222,9.602212321687094
331,10.22271758801038,7.776957548118407,9.082597381767838,6.951027699939046
332,9.215129109508608,6.644879837061368,6.77569125764297,6.278327740620714
333,6.926093807534438,7.482507033723303,4.720267986854126,6.152514861071078
334,10.98249117311571,11.677448384071887,9.524299164100649,11.616393436203248
335,8.704638577277114,6.406416193081398,7.498541193494812,7.45818887936358
336,10.041863357788275,9.35827103090856,4.646671039222724,8.794837979312543
337,8.71231651287029,7.932761859050522,8.698985308007687,4.840790277231021
338,7.713420077177256,8.608994655114392,10.283768662261464,8.948420538061848
339,5.333895449838185,9.400136115387369,9.567400055187004,8.1712822178977
340,10.840548814484507,10.004006490976241,12.835608755020086,11.545831834965965
341,12.874056173523801,11.47432214050414,10.247517530856445,11.749039553147814
342,6.3107018041500975,9.818979186414076,9.674583800789318,8.715167627683195
343,8.848571522930783,8.491711386953284,8.8774557880042,5.929204806967892
344,5.093186757002042,10.694937022718642,9.839322905810517,9.723962121069516
345,6.393023582600364,9.38081060733606,8.355516005290355,7.843551414999509
346,6.312391595112764,6.158354886994328,8.697153821713627,6.20412316955163
347,9.115568781809595,7.068872586669864,9.644585694156651,8.331950999174914
348,8.972450876418268,4.4715388737881785,9.052060683875023,6.894008865120033
349,8.912422679516082,7.347020696481539,8.51709895879136,4.496929224229417
350,11.344228602228158,10.843234971513379,8.575798933133516,10.0066003448778
351,10.40808300742802,9.852356045426903,10.521909217281335,7.33354793146305
352,7.929113072530137,7.032649213742475,7.9689971130033905,5.736162945851732
353,9.592413350580086,6.914988239467688,8.525179607946471,8.258366290460202
354,6.676627452105385,8.93418387358335,9.771519204739558,9.280611011663055
355,9.238990723484378,9.21461884073058,7.294950321223802,9.75523826848581
356,10.398838046042398,11.177007257156134,8.459626643698465,10.10484758106965
357,12.161851277966605,8.283092708449663,11.07636368734673,10.739244070438208
358,8.965320912503445,8.240835039067509,5.292690289444554,7.655536929113215
359,11.034938706808893,7.55756028127699,11.338599972462381,8.600241998104208
360,5.547683400621533,8.168697064388441,9.682425975412933,8.200276432341374
361,8.443798168918702,3.7242530728010443,8.574235057279585,6.610739575163182
362,7.010773412010771,8.723013200075918,7.893110378090504,7.50340583415749
363,11.141356190547825,9.524494649070332,8.750208796763811,8.010053014208447
364,8.945982348415944,7.766730855870045,9.017048082499185,6.068423877371505
365,6.7197187618909595,10.820250010698652,10.417137949555862,9.681351210943262
366,10.49495260448527,7.873195344865403,8.711246180035927,7.2278603289669725
367,9.591489827745647,8.355428372922447,9.221381896747447,5.678192593440523
368,10.192903180895266,5.98462942598374,9.843539039796168,8.15694719905859
369,8.887148270825792,6.791364545367144,7.84341650527058,6.082263291459675
370,8.037550351730381,5.48437389726662,6.665030862784363,5.111425064256695
371,5.741527958944362,9.238909941238736,9.65339668817658,7.741241986541005
372,6.366188962222937,9.415715911442742,9.655427212492837,8.048554936421738
373,11.039146807881044,9.047712014029802,11.284269672423589,10.711195759412167
374,13.2900526732897,12.216610199519923,10.840219491953023,11.947716146316157
375,9.52717366740417,7.420627292672904,6.61533436861728,6.971185026045456
376,7.139889496528088,4.066098572382919,7.268875770961782,5.3561377710292755
377,10.60999483808159,8.83740086316143,10.263692876505672,7.151209236672652
378,3.6851425603926624,8.698331803177561,8.029910833329692,7.691324527292179
379,12.07783273623097,12.071438718923405,9.861351350212551,11.522690918445104
380,9.396021905408302,9.267906425730482,6.737803125244824,9.389701385298821
381,6.644794266893307,5.988204917195396,7.5579221365932385,3.686916077434262
382,10.973234017128815,6.0901764402644405,9.669756500730658,8.304797423192502
383,7.876489596986285,6.061400027477285,8.914967522748997,7.665842126730228
384,7.152089829549626,4.907351993789277,8.211776291821067,6.887900916447305
385,10.60186979067071,5.736364126135547,10.913484613082078,8.53299836819834
386,12.426779407752155,11.997819668668672,10.386406065077782,11.672115310293766
387,15.188317191343716,13.213195218556724,11.956317524149155,13.875748793483018
388,9.329100932189414,8.675561545154233,6.425701131250371,9.58727933587546
389,8.503527917788599,4.633799815890294,8.732344601661852,6.765288901700445
390,10.318634410744535,10.42163647681886,8.921499813858304,8.95367657536459
391,11.262040610883156,6.357772693762788,10.277952496885371,9.427889122036012
392,4.748826266085445,8.75435211225324,7.415943471360021,7.4135593050292945
393,10.95936334794378,9.226234075157777,9.532800328516883,7.5187398988893905
394,7.482780680766975,6.9659058630794,3.5975910401583175,6.220261334831484
395,5.36649841579637,8.054177355774735,8.892386195515975,8.222274085355888
396,15.084053526785596,13.03554136905431,12.262308315705628,14.22388754053524
397,5.681402184529404,9.221110197985544,9.188596686944548,8.231063062472678
398,12.650978162354109,11.40275859823293,10.463993376231361,11.15220274475399
399,8.398685850507897,8.222680020083239,4.306387147315091,7.080663794004096
400,8.785952107115833,8.032948397793348,8.913331114107635,5.467167019998835
401,9.003622267361667,5.410395130666984,7.840676462150579,6.737806236735916
402,10.979602077848606,5.284855060926628,9.731803214997088,8.765142984493167
403,11.218139672779078,9.442617720546462,11.032299825168261,7.585346884881354
404,6.949780564885239,9.413433439818222,10.954912922697838,9.033275020988983
405,10.482243729173087,8.534047895526514,11.483118946938454,10.323730588098188
406,6.033662009044339,7.985173081367903,8.591590844052902,6.322730793023693
407,5.29164599142866,8.024922242912298,9.66332193082949,7.242974516044473
408,6.810430030426392,6.334268587451538,6.464714363283089,5.135795921582218
409,8.519992596657403,9.161109048680594,10.963024256762097,9.672178771032497
410,8.85681615569442,5.255972900031748,7.973465188794599,6.96764019708314
411,12.051061047358223,7.589939889034536,11.345582088763388,10.105336236133699
412,4.768202602825657,7.798577679821309,8.425410241101387,6.269515050378638
413,9.289496287412367,10.028584000395348,10.3312289702931,6.981927884729354
414,10.263334680198103,10.863369135349991,7.776373469636064,9.948628848670886
415,9.552381059638499,8.531491730866607,9.49912877228125,5.630568960966351
416,6.743521650647373,9.457257551296196,10.42281524266955,9.013509415061291
417,10.23923208732761,5.499945463522916,9.372212865437959,7.887199130671013
418,5.196188994385223,7.4349302780016115,8.243484167837414,7.337617141480282
419,7.889421304227528,7.3666512857661814,8.34894601252496,4.941232658796187
420,9.29956308646229,7.9196159496823055,5.840004207785928,8.422611536039046
421,7.935136336172491,7.022971670094638,5.296802459118583,7.34215740979642
422,8.049746296173316,8.310479163086606,8.668987438785296,6.312763737963532
423,12.91779990638963,13.359550782234647,10.667344875512958,12.904715872915972
424,12.657668127467453,6.802981456184179,11.712916268855038,9.782586709588426
425,3.4838141262062496,8.982507315631691,8.769737870721707,7.456086084883956
426,8.235063249409755,7.591151177992945,5.054470080317725,6.133939701456758
427,9.131657031142355,6.256742026452116,9.041353815388224,7.765535600505057
428,6.087927749864336,8.47293889909197,7.680434037106377,7.097256166164921
429,8.475572139549177,5.9334040652320565,9.340884876167955,7.652416720115704
430,7.546332893457606,4.839297542100799,6.493000458814829,3.038837872491274
431,12.991598466966915,13.442773769689406,10.38611048643567,12.57330736717324
432,9.833441561910382,6.974247693282454,8.106421076176058,4.989044832849916
433,8.613732828424098,6.126552472241857,9.407757006079487,8.204813817389274
434,7.191269222560529,6.446243757036709,7.2023383515957695,3.5153961583976683
435,9.58997925830454,5.035320059368748,9.609187726320842,6.770693405559773
436,12.66971149691182,12.848016242737199,10.713377460024914,11.391169193755065
437,15.350994063190603,15.012647551344932,13.748016721858308,15.014107565581694
438,8.18550300543369,4.866076128832803,7.83568961476206,4.454903918138005
439,12.123217059076863,10.461832443290719,10.201747368279321,10.669168359507234
440,8.66775363959599,7.01932128459021,6.982801177362173,5.710308659717497
441,9.215729807634416,6.805504525575387,8.423996691928572,9.013581240676288
442,7.707723323452898,6.076259130863818,5.784075766894882,5.89248077845995
443,6.228681409095462,8.66786175177842,10.565587458615811,9.290643989485352
444,8.844494475622819,4.522138668268461,8.508324744932453,6.720922338944067
445,14.52962342040549,12.85107346469843,13.623345467119208,12.83582445310657
446,5.226644468842303,10.395039238109893,10.076196809768849,9.146263285229708
447,8.916814723932402,6.58907803829229,8.62696271037703,7.590165869819223
448,4.382763924523955,9.547356009394107,9.302521429068873,8.403345282808962
449,7.219291135867692,12.094414396447839,11.933690029175306,10.562167490737638
450,7.961379204332361,6.579137822309191,6.832553083561173,4.0731239336596
451,7.897806556298685,7.232922746153631,4.46474249701898,7.42103467321619
452,8.548347668911816,6.850928083397379,6.833253207847537,4.9120745270478015
453,12.672384274322894,11.035502697694762,9.928580938824158,11.906028461326528
454,13.241762081049018,9.1174726564119,12.227264689545885,11.815899996047998
455,8.361420935207983,7.818753252886575,8.594889478526632,5.439535251892479
456,11.556405962714454,9.993918755861323,8.198751323792408,8.648246304254114
457,11.157046471279216,9.925082098987785,10.765569111101469,6.41877033989035
458,9.788901522772706,4.689129028971491,8.796967277900261,8.047612859672439
459,9.3469510544921,7.135257626626511,7.908761830476235,4.71617616452866
460,8.650137580666756,6.124831182147359,6.852587265302221,6.820392338336801
461,8.191097344272281,4.2202225953272885,7.311725671169523,6.239175370073935
462,8.084361674896229,5.605923940825975,7.335635802677459,4.0059128283379435
463,11.022258091009535,6.573122949252673,10.569933776327543,8.457120907161487
464,14.248683756702528,10.973970593902383,12.695717697374935,13.513104862106395
465,4.868388883947186,9.59206931336547,9.599296252511675,8.61586996604878
466,7.7399872570929835,6.786208856209384,7.685248222480412,3.943979932752604
467,7.991771083471242,6.985403485164317,8.147476043709865,6.152821251660305
468,13.286505071023344,11.745804119650455,10.147267260182,12.649423264517866
469,8.00288582576407,6.288735199150561,7.330846787984976,3.5337047074184116
470,8.380577230489774,9.817712294388269,11.437844924225528,9.852843601204027
471,12.002495464710883,10.752427238187659,8.570127452772695,10.838260798053
472,8.413670016525872,6.327397749145279,8.000324881951924,3.9146877963585487
473,10.802499734655079,6.562697481014664,10.574879445049286,8.183963238577592
474,10.03889623146285,8.030031654873683,8.940764268258267,6.382889416729008
475,7.668750830583396,6.7369936004369695,7.743608225667153,4.719550454526624
476,9.537937122822735,5.458719021451511,8.650124220318881,7.874722363482782
477,8.821548379217456,6.04714166042641,7.949468591662175,7.762340036565284
478,12.303501092921623,12.285831362723563,10.268238370257592,12.563533798712225
479,7.869144339203827,7.72995007506211,4.20307843321744,6.758782884260262
480,9.755695855069003,9.323638060527589,7.746571541823702,8.55846036248524
481,8.645872378024631,5.547562991665671,8.03604571379321,7.300088122505805
482,5.779393481090961,6.447596795553579,6.846755470785814,4.104407562138783
483,6.669279709383719,6.9951239814561195,6.170931636148707,7.070171448006693
484,6.817792950605338,9.952430337617344,9.149187278344762,8.131425914711151
485,7.74483002421517,8.524371039762014,4.826675253582011,7.268045035954086
486,8.632079770606897,7.510731912473682,8.274213751213969,6.358127612619695
487,4.728336523808019,8.729891126357108,10.105598528792735,8.875430116519476
488,8.808538296136401,7.056221903988103,7.486327492709187,4.5951520454580335
489,7.953586998579583,6.680951208394947,5.214780333012833,7.34884699957267
490,9.138937527834273,6.494331269076839,8.492094853170384,4.820992698453581
491,9.268568383997989,6.80850115283472,7.828054265865147,8.330928994245452
492,11.785515865345651,11.35154296730676,9.757697649302145,10.281273736056342
493,8.059457840126491,8.306677677634669,8.666423226389924,5.026906247253148
494,8.380927252147861,9.104929693559496,4.2072446501743315,7.815182216755626
495,8.706651836488271,7.140047611150874,8.030820417163154,4.6229324089251325
496,7.589464797611969,5.86504448032702,7.991005122034346,6.713979470886249
497,9.313017593445396,3.9227110283387367,8.817706914647353,5.877908909033116
498,10.216392685289827,10.549798605893251,11.807365259367545,8.554232012878108
499,11.99584249758099,11.09320066064468,9.756628009162284,10.482173559823162
500,12.180748758950767,10.036887799958523,10.972835124789858,8.930803493790052
501,12.979034049765335,10.998835680092878,10.142433373228737,12.301627754090418
502,7.269812713391849,3.1686958048909473,7.436366648024737,4.7596633839396105
503,9.393367121665062,7.306293694108018,7.550053583272315,8.554445247027846
504,7.941697709766755,6.160882897827298,7.149341099309341,6.185937613934231
505,8.418295157432286,6.468767071282779,8.992181416979987,8.290745071243313
506,8.069359028205808,8.886022771103105,10.253151712673237,9.025929741654188
507,9.159135045138958,8.68325201059558,7.000640377161094,8.861677201377406
508,10.141904882628525,9.72437246249898,6.889865493534357,7.866123152652807
509,10.199521298816837,7.032864000008334,9.306492740236683,5.4599825566221885
510,9.166465763744917,9.23050484833462,9.466488952849843,8.161786946700897
511,12.053723399133718,14.850885576955873,15.008131372973498,14.807466969465246
512,8.664442039197704,3.9210832789993675,8.588784674968476,7.182189490096138
513,6.185179962049728,8.951910027250115,10.503146982779345,9.379809780206147
514,6.915713027131433,9.303487196684085,6.926655934438012,9.219923085747194
515,9.587107281089581,3.7135284926094942,8.935004441098735,6.623443908494332
516,5.9708910023739525,9.747320696036523,9.676348063563719,9.828647186497797
517,9.391290159695235,9.08929483067769,9.40903603417385,9.20396528518472
518,7.3463721382612395,10.208515110135883,9.984367985608081,10.114106181987982
519,7.299733770404097,6.346946294414285,5.2309925935459916,5.4250674102113
520,11.56073800940571,7.032727197802546,11.005887345494441,7.748307115608363
521,10.692306653187595,8.531176181726659,7.762364358051155,9.417358649523141
522,6.7523752843596005,9.164959553506549,9.760947997530424,9.137627080517413
523,12.089150816064548,8.286160606964987,9.616300474756187,9.822901568050677
524,7.113651796358241,5.683715506324328,6.939975453318225,2.033032214599031
525,5.7181348714888385,9.104844447491825,8.335114945180996,7.612987936796221
526,11.754121870548904,8.90665853279971,10.034745965367824,9.774634875892623
527,9.39865151381229,6.37568674598548,8.340980694914807,4.69580034814904
528,4.486431297592025,7.920931559074622,7.362740751699203,7.695471979360318
529,8.447561533611328,4.8234937846570825,7.1172395930972145,6.748103751677075
530,5.717563689995698,8.092130869394857,8.784963919196198,7.70952261842842
531,9.427865253341366,8.715937831910376,7.260267518878009,9.658573286968124
532,11.344755177354802,9.02007216140991,11.006940802304484,10.587113987706749
533,6.015608684843569,9.790566467100666,10.635330660908883,9.177926943778889
534,10.626745354931371,10.887112971027864,7.9566246078509,9.826587203827026
535,11.374189940712554,11.643758625288916,10.198295485307309,11.254183676312252
536,9.244408718793268,8.95558694236091,6.442820744006478,6.864221744939879
537,8.889374870115672,6.354915240357132,7.263888484333379,7.720145246156018
538,5.227842437679152,9.191051000662796,9.528259091675515,8.751128191079651
539,10.396760080927692,9.233225789413865,9.110196787319062,7.27698152310592
540,7.819996560594107,7.10728509655766,3.4025547974163604,7.644241158515427
541,6.8655362945887015,10.702229226589058,9.97319682297338,9.373060196412974
542,5.276239027384677,6.782879715847371,8.51791502228081,7.665195554564572
543,10.748378095986379,8.062214785451097,9.0888924423807,6.254322096455528
544,7.740201459408867,6.230506036051302,7.001805457825591,3.6164013656953324
545,9.10636375301174,11.985236114105541,12.31313686342348,10.78466919553799
546,10.42194131740197,9.26828239437558,9.926514092901323,7.29011187658084
547,11.356413085149502,8.692692237563197,11.462879488763049,10.269607559296729
548,9.281015649827923,9.450793650067947,6.386065090920517,9.002524347708395
549,7.039439305151217,10.27731595501054,10.56780843688252,10.003159816404702
550,8.238663147097194,6.97955815348728,7.286284828657203,4.948228872454138
551,8.549679452159571,8.305031753801918,4.798706050483742,6.483398292683955
552,11.26818001363074,9.362562632682183,8.735254292660198,8.810432106978789
553,9.225764615813798,7.4440131642211735,10.420912226422807,9.4630582075716
554,7.5860892681831,7.1398899117115056,8.131384930563193,5.089423478207823
555,8.072102673809841,5.134803993297875,7.524301994151368,6.653466530945713
556,4.837828792966555,9.84573328439856,10.130997415908693,8.56855087456224
557,8.90367100257548,8.874625247385024,4.633166566684002,6.688928522628379
558,8.032225410903923,12.174243212740459,12.016470958398196,12.065058870500827
559,8.325061891710765,9.896958003986875,11.648731476082391,10.061816891376308
560,8.691579978099416,10.566458482063485,11.904162154821757,10.771378198882903
561,12.30855145679942,11.598970353757963,10.699691999189426,11.650768126814253
562,7.940735266476374,7.541189550730434,8.07073595732769,4.321969626694677
563,12.388699901973958,10.590754152557965,9.781425893761405,11.707947456772558
564,8.169126217027463,8.824300226849484,8.189320761831988,8.759509931027479
565,11.990820720851039,8.45385952406166,11.33758207366538,10.39990709402659
566,5.781749402873381,10.22636213345509,10.035508839893374,8.860421806336573
567,6.4834295589609034,4.947881895717658,6.3108543094513845,3.213656172024406
568,9.802821923904661,7.776311455885744,7.523330064174311,7.026425194844202
569,10.62792133018164,8.74169093612307,9.413922561416621,6.480662729861961
570,8.491661027789672,7.280026041729227,7.607936431971637,8.183759123583375
571,11.679046507629156,10.074763087873936,8.65452007393965,10.208133271861577
572,4.56742577188967,8.25468352647809,8.884962016225623,7.798024615451116
573,9.149024443446798,8.32361993060116,10.561946067262951,8.753562272196266
574,5.568985159403564,9.508584678081382,10.628059605674432,9.237855375206353
575,10.42188545301487,10.41772170337092,11.352770564444384,9.234949056447368
576,9.717796096922376,8.39803217078429,8.613138825907487,5.845889152116381
577,10.83377793185789,7.222860635660476,9.683453996559498,8.555709529195765
578,10.140790111803943,5.224939743781138,9.70008337878003,7.9606955399731945
579,8.290430194056663,5.9203683261334845,6.8557587453773365,7.332765403948108
580,12.437879521595377,11.276905869932152,11.181217152765683,12.388280641981073
581,8.860989318767277,6.111567140853418,7.131851698276551,7.188806659604927
582,6.330289726768701,8.685354139469682,10.712378722589488,8.402067134867902
583,8.188288049562086,5.970688266017869,7.809937939665119,4.226087159670116
584,8.83860979510337,9.0670481626012,5.865380381685468,6.963571513302321
585,10.982291620678323,10.665178961758112,10.896087581550793,11.243943037051586
586,8.79630083791894,5.918986971894527,8.908157030421506,7.135734259281245
587,8.229280171831793,10.529714776825086,11.6573514257584,9.959957059183752
588,9.66420837286448,7.617951674968268,9.147276393778188,5.226779673917148
589,8.672255733304313,3.3380211165469187,7.95156578275709,5.160948536724012
590,7.8403010882600634,10.043192896769687,10.320495738993694,10.130026727324664
591,10.187741109247954,8.818043578245993,9.509917014685016,7.00210914184832
592,13.628141184184491,11.01021518805012,10.413037152954274,12.628539549187964
593,6.304188851756676,9.88700450709836,11.293425060064685,9.616806377617834
594,6.552301365164228,9.10908491730174,9.05294834611753,8.037334284245796
595,10.667290831447918,8.495516114464522,11.740717040321089,10.228825515389303
596,8.649567266914804,6.938705008617468,7.448525272792048,4.938773441648428
597,4.367259357437798,7.670269652454739,8.642270296715616,7.312148210839073
598,4.808434310451064,9.332283822954926,9.606387494647265,9.041076623505417
599,4.338447245902091,7.756183220171764,7.608885388478429,6.296827734973001
600,9.615076416037777,9.79273229283313,7.661315458074796,8.67526755281052
601,5.635703159256902,8.850011951053425,6.0495003563267415,8.359786773879904
602,8.18321506377736,12.517103002861791,11.922220960107913,12.526516365747634
603,8.957193596553982,7.192602299805034,8.574674912815334,4.316791264471045
604,5.068673537410572,10.423209602473491,9.537174328556528,9.65804062030868
605,4.351941464959014,9.51040816795533,8.912996639631992,8.365999876473541
606,11.860156737484099,8.798879306279673,12.182122974083939,10.2846653036049
607,7.804350501229495,6.324488408773827,5.702189496961107,4.871039180669752
608,9.69284910091353,8.772316190096161,9.619130050112032,6.959114475292126
609,5.76855452599483,10.561558311529046,9.54700665027088,9.312945512720885
610,10.351034176660725,6.883795944957641,9.326057924879583,9.31874516262292
611,8.853096199206568,7.032777299263481,9.499555083723344,7.046323058506353
612,8.863658616159949,7.242939800165995,8.240004098487995,4.636477141058426
613,6.79017451362071,5.528984062229088,6.582214100164934,3.4099802712727456
614,7.355718633231359,7.540195493210489,2.601290614669533,6.478578492631061
615,7.964619586217257,6.2979759850355155,7.89650238871742,3.619387320842363
616,12.71814186453861,11.85147027852184,11.691626541133749,12.85877379196011
617,10.39970672212199,7.504543839528355,10.146877233003167,8.727419086959571
618,10.808869460570525,10.75424304613609,8.310730866686882,9.615309396032906
619,7.1590180649483255,7.384665930394554,7.748727225277871,5.213344713771466
620,9.660714879896933,8.454888864391794,8.254757908507209,9.282761849974202
621,4.0433137512631525,9.870546660088223,9.322442926266334,8.774249826536549
622,13.323373654825005,11.76461789224807,10.904809921831124,11.792627334794393
623,8.024471552268752,5.896438321042204,7.019369538363232,3.4145179394825007
624,4.823321818043956,8.320122248989678,8.96020994256167,7.1134860455371625
625,7.30697532000926,8.954650354692333,8.900165922095788,8.151637679438313
626,9.763563666439213,7.57827856564309,8.147343683559434,4.802734030620349
627,10.077054937785173,8.675037067062657,8.893633627372994,6.430044618278147
628,9.8103911141049,6.458996836587758,7.903337828406348,8.613306712167086
629,10.307926466143913,6.248052467913871,9.054554308015875,9.007842716376521
630,9.038042887855509,7.375777665039861,10.60741870697229,9.70060655098325
631,7.199891652446087,6.032267856086025,6.657966087570215,2.713356971250851
632,12.433455153774995,11.404639525068765,9.869153466315039,9.718409868152701
633,7.154994172987057,5.982428355470059,6.626419299879304,4.4126598819008915
634,7.617074738331406,5.815845118868926,7.288683048706168,3.147988544654345
635,8.941329163193817,4.719968286333636,9.236876354784517,6.580017184606814
636,12.382669406837307,7.471592622444482,12.329252155842429,9.742714471270283
637,14.101937790797848,12.433809697554263,10.43412146815915,13.012163657161967
638,10.698947928703172,7.153247166357106,9.629106712947257,9.306167238746205
639,9.319221409529028,7.661703398063907,8.186989948428403,5.495746500807067
640,7.250652239263443,6.413359748210203,7.153882072362387,2.7396940636417386
641,7.338887642638956,5.061845538931826,4.768677975738099,5.2812048519523955
642,6.23184398403742,7.713638827309252,9.470985762906361,7.7229774577245145
643,11.35375954097437,7.261690733015089,10.04227502556781,9.009857703424425
644,5.466593232984896,8.419348052208997,8.724876153889259,7.582300414705547
645,6.3956967581934645,10.741284929160345,10.760700329412728,10.605514183239166
646,8.06778391091209,5.690419821888975,7.061996240738849,3.9010418111160443
647,6.706182146002109,8.068751392039179,8.541276217915332,6.4615351136043255
648,9.50978987575525,3.9082003258164124,9.018168316307284,6.610624472776985
649,4.187435663995587,8.084082405323779,9.100858094055102,7.9205887944715165
650,6.37033693167686,9.117549163177511,8.090136985465353,6.954812342626925
651,7.694409842937227,4.921482612296428,8.051271769884107,6.923108606328352
652,8.612902947519482,8.431996549983653,4.986632122948347,6.626328979105184
653,5.080772080388699,10.354022411656953,10.783533477189208,9.038367215868236
654,10.230637287664969,6.644413459151014,8.418410121637043,8.370367297899275
655,9.875301851139385,11.338172685644466,12.568128393741706,11.496429277988586
656,7.5928010215715425,13.043394889576843,12.945375687702803,11.973671042198488
657,13.551628292444859,12.247091858179207,10.317725717787425,12.706459243724455
658,7.844525236751662,5.472012752620404,6.249225804696795,3.7425018642381174
659,5.545938706946369,10.602501778483413,10.340871590569508,9.45592479299783
660,3.688372260917805,8.458094276818835,9.088324064216087,7.627077126896087
661,7.8525273466547105,6.798934455295463,7.242782809107935,3.762860176331754
662,8.19480659916828,5.841957154967319,9.006968735523907,6.734111201449796
663,5.498719584745151,9.688837902510544,8.524054934594194,8.493023798156583
664,8.253843556016939,6.524375904266811,7.811675693040015,4.642055509313616
665,11.79177001845495,6.9458748029510895,9.532947153836295,10.312322782546403
666,13.017765835790371,11.018067286110883,10.726378255570937,12.758801189754587
667,9.829672251110487,8.800329129489153,6.085028485527342,7.485230397280166
668,7.260978690241719,10.023211993448387,9.85166781891965,8.632530719979737
669,9.746793928903159,10.43231558416233,9.634053291869103,10.046757539693674
670,8.207481803847863,8.236123148568373,8.669162364437863,5.282852141101235
671,10.788751523140512,7.502392918109657,8.990476463893714,7.8099278168215855
672,4.226503961337899,9.796611516563274,9.459799462070462,8.446737685280722
673,8.93528622726243,7.437685564373095,7.729324089865064,5.174310904845936
674,11.466066361451842,6.638859705087051,11.398899144029759,8.285578482607797
675,10.102336208582537,7.935734517230505,6.909552440725713,9.04896462688726
676,8.99286952164382,5.8703400544724245,7.2788489895809505,7.739344010513509
677,10.062786704887953,8.291007689599018,8.56931901952973,6.579324889999701
678,9.96743221164226,10.19574371910433,9.045776101688455,10.894105531251931
679,12.650644968174763,12.223302502822914,10.4450686237375,12.897978536616247
680,7.171838349969103,4.036869775673892,7.862214096501695,5.257983750006514
681,14.13667896118086,12.799207332351225,12.596777525175472,13.234610443137068
682,8.859392034424365,9.63668713673662,10.81400412001678,9.6950475711599
683,9.65354507815073,7.617687681927122,11.167180224400553,9.894388973029459
684,10.663881302323048,10.087153547635971,10.435400510381607,7.246420013152301
685,6.271980676418954,7.557168289577131,6.2273785302695,7.23757732668479
686,8.043561239646287,6.665736194294501,8.49210434583864,7.5361272290146175
687,9.009461732876291,11.473180099040189,12.271362727461135,11.08382247617542
688,9.596480536292042,6.371713189368777,7.386570966122476,6.022241415677794
689,8.736618477211815,3.5605486937726,7.7487710152967075,6.079697681740962
690,10.851005740083222,6.977895336369978,11.134160037985563,9.375353694839193
691,8.158224049029359,7.91141185128102,8.751907114827832,4.62242621514285
692,9.756302916336226,8.123511172657093,6.787227510348865,9.066434372285116
693,9.35586897934808,7.161779353099954,6.700437174839319,8.953241671398997
694,12.760323368766771,10.162050876844305,9.958918405469165,11.700474635630288
695,8.325105701346033,5.710879469801625,6.825332491581397,4.394863302959873
696,10.741201014956243,6.853801575497703,10.877350675741825,7.86871206409006
697,12.208452819621234,8.292137780847954,10.567534652843445,10.695757633793281
698,9.99083905035202,9.343713871533847,7.567123736149808,8.37532983523679
699,5.55943287483692,9.892683419302989,8.837393532159226,9.041257720720301
700,10.311877555736373,4.4243393483593225,9.020687414346973,7.822479713675158
701,9.796100370932193,4.982926678899988,8.841642086862235,6.793687655771961
702,7.612057959528209,3.5986784314337843,8.09613816238691,6.26645957288149
703,7.420487080650334,6.120595047791418,7.807493214712347,4.823576144814012
704,8.36654013595261,5.942184351134141,9.39891581993847,8.040448438714193
705,8.675105463358827,7.540755637363357,9.067517569580833,5.635747882047808
706,12.14860410141149,13.133869849682304,10.315181376538696,12.898184257690579
707,10.456700221225695,13.804723785324045,12.716921067495251,12.263283359531972
708,9.382759002489983,7.857910932840721,7.253422539934284,6.123907165311904
709,5.900910549267517,8.785315549932722,9.142861568696478,7.377826344977233
710,14.338280993184831,12.211849909978227,11.727345214992713,13.282004401137517
711,9.156512702213982,7.881178311338502,6.349003422101842,8.660151996399755
712,3.447102490931295,7.909607545701175,8.895304197750557,7.74933101750833
713,12.869090972158725,11.470244299131833,10.588109406603666,11.979786048070252
714,8.169193569488497,5.771949086633108,9.014299724763944,6.616196426296115
715,11.670554718911802,9.240066143108928,11.022571183392502,6.788975059465002
716,12.816293062360105,9.970031057735582,11.733781260179143,12.328480843439012
717,10.508717648186964,8.254823778983571,9.049845105414052,9.551136130640309
718,8.394951785217867,8.969335415477985,6.412336344139148,7.360875111196123
719,8.010980141161523,11.16850460752091,11.849428682605462,10.305372034284524
720,12.585374867389703,13.653232169340233,10.922302442312352,13.126211768698775
721,7.805957779572022,6.007757589385881,5.1479714826506715,5.208140397428569
722,8.194723131180407,6.304200482442383,5.809195126745204,5.568039251112925
723,6.669862571726224,8.993946412842334,10.256537658424957,8.794909062358007
724,11.010321557399424,10.561591183813254,7.063504951180203,8.862257146834395
725,12.124764845753127,12.041414016357885,9.39728097489053,11.284006789328734
726,9.515479269377291,6.759779300503355,7.809334711173932,5.589353566045553
727,6.42128792556545,10.039132120047578,10.671031803222025,9.288549273742124
728,7.253030552668633,10.524405454812229,10.674544874796545,9.210417017236034
729,7.024019609566644,6.214759733885779,7.117515000393465,3.2125791194454507
730,8.441045232779992,8.294631680618954,9.230342735856267,5.900102412611241
731,14.401528422574572,11.365382753054716,11.102299719679662,11.350645781672597
732,7.699467263883644,6.089955879161263,6.829756239987706,7.0286331581751
733,10.610542966908628,7.11657883237502,9.034600364011846,8.943079472842859
734,7.916193372398249,7.093396016079962,7.873678221619639,3.526304605682941
735,7.204338694368087,11.18515217842823,10.838241094383804,11.061296042657217
736,9.070791410391797,6.1503753840013875,7.320205427995392,8.042600608671515
737,9.27440640035788,6.547615878019161,8.300424687202758,4.6732949238312065
738,6.5755172220765825,11.353598557685908,10.43567735157128,10.485325580963853
739,10.35891397968402,6.264467806878092,9.71646576373951,8.486628385446712
740,8.058775179448558,8.844596684582358,8.218668197257525,8.444955109841715
741,8.690497670864659,7.686500409099841,5.001176929914852,6.627510107411516
742,9.974062203374912,8.09984937626835,9.0188981266318,6.665345023762929
743,9.58799930777596,7.871620195882207,7.9781709704159915,7.300902849437065
744,8.947591281639973,7.78751951127398,5.413804778217268,5.607395960903074
745,11.737635743186518,9.748297939118194,9.204269599809363,11.132496284031237
746,5.677562441592777,10.091430458470224,10.1671231381587,9.858171671946447
747,9.869239950389135,6.408173979711933,10.332819443338249,9.109108620220463
748,8.493624766673806,10.845394651631585,11.965501827144806,10.431541988139024
749,13.614226874228212,12.828050296560331,9.651101122350314,12.464478689511635
750,8.544106040034002,7.518933725111001,8.486090256614991,5.99637149806451
751,6.6250810269337475,7.163870152326129,8.665664927776762,6.0279127782110145
752,7.247402205120543,5.588383695319679,4.874270179668303,5.322370426105973
753,5.373066750255294,9.76385341570652,8.727869105020336,8.157615586652433
754,9.625673506912001,8.35912218945589,8.866318198835335,5.966280185724038
755,14.408417447312141,12.3303671001598,11.647281528371732,13.245223620774462
756,9.265109385667222,6.288132336186181,9.449304947174722,8.301408727495948
757,14.367453140699217,11.703127122856179,11.768207792117348,13.798743265393261
758,13.687407373051396,13.408142728938913,13.736587099149839,13.982512976674212
759,9.405691644131387,7.136250183026229,8.92337988710365,5.711294371607921
760,9.18420123727007,7.559420582204154,7.0075404165842485,8.168837140023316
761,7.642257849532,7.625546077861148,3.6790435723378607,5.945374958413906
762,10.81490735962709,10.348429527501589,6.98630913034292,10.015729200986911
763,7.8378320893672475,6.654485120728844,7.7045595819528225,4.2396276371709005
764,9.561809680589263,8.0122206995746,10.231009164954404,9.35194760986028
765,8.647572015772385,9.425302317340147,6.641632068962162,9.154758856823841
766,10.635216542940821,8.384920489220361,10.17041065959738,6.0587364386442095
767,9.333831797633396,5.982427641135565,9.123356150627808,7.44413005864507
768,12.689561746230275,10.460595139564704,8.897213553378691,11.597907161162672
769,6.217520963685214,5.797348777589777,7.163751493300166,4.32016822800692
770,7.902131033538617,6.2968054151056005,6.935421157214224,5.9687589369394285
771,10.981441830661522,9.019358780945407,9.937964319382495,7.545625372434061
772,11.423126314475015,10.208180311759824,11.586401615215348,8.953559621902198
773,7.1810287631696585,5.780878888178356,6.903280773386285,2.9917064218032214
774,2.9976829721383953,8.073334082868302,7.913168081623771,7.582047318317844
775,8.62359274715792,5.893273784263031,7.23750910489185,4.176520631525183
776,8.984763178349803,8.480357394762295,4.626218336426863,8.282050560738686
777,6.176695694540343,8.441179144351254,9.893863623922202,8.872631304373378
778,8.952820129696638,8.113944813354902,8.747179315109266,5.919238011622055
779,6.813360345681015,9.839860948125287,9.601499482019662,9.420367504221208
780,14.838169144638762,13.025125925543794,12.811317439112253,14.451347624459391
781,9.251727665395302,11.360650760139489,8.958301895540542,10.41481643775901
782,11.987153169622092,11.789338244863574,8.756549789173857,10.122420595403517
783,8.834446163852302,5.746002543532363,8.089107997087826,7.985142344432944
784,10.646631014990119,5.868590364176471,9.747190054628847,8.038286630673714
785,10.896181076591546,5.92975069395078,9.94486001728275,8.18780903703115
786,9.380144973161693,4.562804465043881,8.755101859659534,6.268900767756128
787,6.0575648226254994,7.323395353907677,8.128466535090698,5.881905010443102
788,5.507076200479843,9.721881108384514,9.231139308736028,9.901277968846305
789,6.942690369881974,9.330937299278645,9.949227295095058,9.05176750073916
790,4.803673269761664,6.978355168002461,7.688681615079001,6.718410176481009
791,7.085134244475191,5.426562555548829,6.6134548233695245,3.5450281307168336
792,8.442537463770345,6.269489654042811,7.3671768151135835,3.346602418701715
793,4.213622333708853,7.442336530314673,8.236231470511429,7.390006353365962
794,9.183311631376034,5.752164214228778,8.446158227850798,5.670280836571903
795,7.880262824573631,11.338663118963188,10.923388669225686,10.681649347265905
796,8.557764819090467,6.133810616677838,9.130478319107132,6.666149794009082
797,7.736188220962214,6.253595674535115,5.190846033412867,5.857668453505959
798,10.694912301121592,7.546274195750523,10.659564922590105,8.07760759553487
799,10.950832753487804,6.7810148007733995,9.65993577800942,9.216601729171513
800,8.326174292299964,11.171515483801835,11.689658840303965,10.220372398170978
801,8.076770008455673,7.091994489904871,7.9532577761849135,4.667316258471452
802,7.835771354880104,9.031144894372977,9.628392921476003,8.998886962307878
803,10.725021102636621,8.177877384811376,8.731777369675903,9.559258010929215
804,5.529504231484152,7.952722606331893,8.547258016156391,6.521128949328199
805,5.629048779108161,6.226490354079503,8.33553701089609,6.0568304334178515
806,6.390360093009655,7.95827306454893,9.757655224445157,8.3869298276883
807,9.081642782503947,7.9697906593238725,6.951063623343025,7.077847686824215
808,4.501065481884483,7.72622226954101,9.04130916876988,7.15745010312165
809,7.629838798280211,7.126593265996223,8.163778225630475,4.63174096006015
810,5.041869730084603,9.43542672724606,9.895484400053759,8.867253096458793
811,7.116794617427445,5.807871679556323,7.500296500821551,2.906993446415975
812,9.491322623396892,10.515827760886072,8.859129583745936,10.526864706062188
813,13.887311302134936,12.084529982629448,11.058620627266905,12.62213785074901
814,8.455868676770644,8.587754492638686,8.673094520809432,5.727496639348148
815,7.483672736152931,8.816860997173409,10.26997949031406,9.353305811014302
816,7.056938568674933,6.557417934935275,7.4239526502807305,3.2714308156104286
817,9.140675911432018,7.332168881188026,10.016538952619875,8.373249362755908
818,7.750250702689958,8.789196133330707,9.529020366202017,8.227742992711965
819,8.07684174301996,5.363651740956646,6.679364609382836,4.32175579261437
820,4.505480394187822,7.449230884945714,9.139206433489687,6.639461879590158
821,8.937978241415484,5.981407611199697,9.543651964589335,8.442339070012087
822,10.374970482508456,7.100133127594227,8.847038318086708,9.031370362082459
823,4.992176474127439,9.163100357755443,8.268898451925454,7.3491924080804
824,8.959567015659099,13.34369409711221,11.913082757600804,12.118797242473782
825,9.530243629361681,5.749022761685034,8.089940416004596,8.366047765707101
826,8.919812602726676,7.685073087386725,4.225643214739648,7.714798089592907
827,15.31329859549112,11.98850487210242,12.848872430844537,13.59101687357028
828,4.320087847500169,9.768537099793004,8.693040436728156,8.461738813226814
829,8.474426461786898,10.66362231644816,12.557103923298,10.625386401498169
830,8.413170318260137,12.095446481665647,13.103762462931611,10.800142007614326
831,8.240364937370401,9.32268040768743,6.540316950359359,9.704163633290621
832,11.236220077386546,9.737124788867574,8.675979646493474,9.409828847912024
833,9.051972797601522,6.684239601177998,8.568394945197756,4.34050556793511
834,12.373717096309816,8.86546920367794,11.183696071727127,11.127384724627802
835,6.903338962629227,5.392300189879231,7.9546336249984275,7.416580624242388
836,7.284021030770956,9.510133219404429,10.317042219728249,8.511610196778587
837,6.50618875345815,11.2480525593379,11.600574945281602,10.22769948448152
838,10.698588953580655,8.294015805229067,10.914522088990598,9.205228377319049
839,5.563891678902218,9.050398949676822,8.528930431334253,7.564853778181189
840,8.79599720746431,5.377552590272456,7.130473897404222,5.185746053325431
841,9.491981635550902,8.754892868971234,6.828268840053546,8.782098905444428
842,9.489096277866375,7.5525662624531185,9.354897844192514,5.6759501626401425
843,8.169272978254435,4.428333448587947,7.099660472115489,4.7750590020857535
844,6.053969395180922,10.361922107447516,10.245216169058997,10.295898729114935
845,11.784886788192667,11.533507731260977,9.565480469879416,9.955549501778
846,8.002853523167303,3.424973394920601,8.205586521108437,5.592094491157024
847,9.520580552710902,7.938205773118296,6.963508910284227,9.176913972774713
848,3.941036910879814,8.53356793246484,8.243133946860706,7.100397463805905
849,14.232260440688764,9.50655434192299,12.791781345200722,12.421296159511206
850,6.586466694582326,9.492820803283054,8.517819714994083,7.701886837606875
851,9.86606848170066,6.063747451336987,9.090751882225769,7.653641019399191
852,8.319331169050745,8.926756309217657,10.137792028831113,8.473023530403953
853,9.673418043286544,11.967695760273456,13.38693414777945,12.200922359809757
854,14.288420746494353,11.966759506723978,12.544680364454768,13.483200159467094
855,9.536130879486956,7.342049260053297,10.006378365173724,8.496299751742946
856,6.04171902180604,9.647578903025302,10.222312893593246,7.8814110634794305
857,10.921488077915901,7.0430243749348875,9.772396264571121,8.623779408017574
858,8.190010459480579,8.002612920219324,4.417689738129659,6.665508563488845
859,8.265006389174856,6.901017582874799,7.479177319256393,4.881629429084881
860,9.945299755318848,7.0662921464113335,9.956700275808837,8.719935391675866
861,12.169570363905818,11.09081714121755,9.85448508798345,10.49940282076253
862,3.7396531500416645,9.172533264358748,8.65303136249989,8.052834288772514
863,9.119731823491913,9.750185408049347,7.267389894852887,9.26598391761192
864,4.568223461348018,7.923937322012264,9.217507576253523,7.577158147092168
865,9.072899863282553,7.036262535658886,10.310954838631432,8.472355650813318
866,5.210015594556811,8.961883798456025,8.710778666276662,7.885927286228779
867,8.205475293188835,7.756050817462447,6.798614551591781,7.392054263673772
868,8.93538068161105,5.651641993914455,8.440738474360323,8.119432071013543
869,9.555953726765795,7.386236286687116,6.851780655962568,8.902427632353863
870,8.912909668033059,6.392290713632415,7.6096816275529555,5.401789678868595
871,9.515930818898951,7.684242747270791,8.576350134703919,5.976313957451404
872,6.926539770784017,7.253012387114063,7.6070027216938865,5.113863192475943
873,9.741233812827328,12.310191216838128,13.566499306042774,11.939851445343919
874,8.517794164648791,3.908450908659433,8.294384573121672,6.379913948420464
875,10.128019843243738,11.131985146027903,7.830619840943812,10.789086035630419
876,10.031570552857179,4.7310429212893315,9.890479783636891,7.389134232522137
877,7.680244943391779,8.273890342844249,5.300963237976353,7.162916046985711
878,10.453645881538204,6.682502463843588,8.962702296934678,8.80033166913922
879,9.342717831854378,7.835782788596653,9.04035756627685,5.9186316188889485
880,7.164138046745463,2.360931303685549,7.545746433191753,5.001562786213329
881,10.483128034475971,7.515551837178302,8.673935334412999,7.0334582760205935
882,10.587969075221123,6.808366221950506,9.636959334242341,8.004709920228708
883,9.406677572379678,8.230277711023987,8.296404710614846,7.159411504387427
884,7.279178663564046,10.385695546194059,10.547662279797086,10.115008601412036
885,11.256096623181826,7.895486222954416,9.371995493497487,7.487083728163602
886,9.490001494455568,6.080321260475023,6.896634773063141,8.302832172435004
887,13.072992355994359,12.315945899213636,10.214185857078599,11.046538758514409
888,11.295061329694743,10.91913213670904,7.633988561945226,9.929503767249214
889,8.085307626483138,10.399968528843576,11.322319712804967,9.289387157090855
890,12.35497493605063,11.369413629098663,9.179986876986797,12.217231125030553
891,7.1934739533009475,11.099795864063642,9.486222572394448,9.987301679578607
892,8.868233922408564,11.324032198214027,11.15476074371681,11.10424497128211
893,3.7548073614701614,8.605050822844241,8.447526907118101,7.574637316671974
894,7.894012412646234,7.1160681381410855,5.319301158327654,4.88386558122849
895,4.3182888201214755,9.024913399936263,8.681978255633657,7.477698212648467
896,7.2144225721580595,7.949444474941767,9.915158887262058,8.22844063853129
897,11.581970039196651,7.265384572876303,10.848730710175468,9.360519738745756
898,7.130161333764522,4.7755304739108135,4.61987403557046,4.689085467330264
899,9.46471453835162,6.808325005821309,9.723346236827695,9.327241317742462
900,8.772078240470211,7.17404746802218,7.398347687265384,5.568384261974038
901,6.934808120125134,7.508333459664458,6.968238432211391,6.883633140997943
