snid,class
93852051,EB
133953454,DSCT
156704754,DSCT
94869465,DSCT
143158599,EB
97209193,EB
118286557,DSCT
145870285,DSCT
107197896,EB
34324163,RRL
34829837,RRL
157406000,CEP
122530507,DSCT
67561377,DSCT
121329087,DSCT
111825956,CEP
118987354,CEP
38244498,DSCT
107444066,CEP
43986737,RRL
1574715,RRL
15834854,DSCT
6727535,RRL
129466762,DSCT
84351477,CEP
73130868,DSCT
69330474,EB
49662434,EB
129616639,EB
59674930,EB
79760425,EB
5278445,EB
50454525,RRL
41677216,EB
91518512,DSCT
131225139,DSCT
62213086,RRL
112417050,EB
8924533,RRL
32355304,DSCT
49131680,DSCT
81436792,DSCT
7226245,CEP
123777459,EB
133085134,EB
43651809,DSCT
4813549,DSCT
7327307,DSCT
122890278,CEP
106012967,EB
141612288,CEP
128759752,EB
108207970,DSCT
155040956,EB
105473593,DSCT
47905128,RRL
146455002,CEP
10109960,CEP
69080514,EB
36555319,EB
59654691,RRL
134686515,EB
68469871,CEP
18253394,RRL
70666985,CEP
1960760,RRL
130745784,CEP
45585289,CEP
55751240,CEP
37097991,DSCT
80575106,CEP
150311937,CEP
6478197,RRL
102226989,CEP
59599701,RRL
78363438,EB
42178656,CEP
139907056,CEP
19611654,RRL
77480759,EB
94881640,CEP
116509792,EB
29722190,RRL
150755569,DSCT
23857201,DSCT
45651190,CEP
145346043,EB
105037678,EB
53441798,DSCT
19485000,DSCT
1247849,RRL
7304435,CEP
131915559,DSCT
74269555,DSCT
22850838,RRL
62535237,CEP
93153392,DSCT
74376057,EB
114665578,EB
3099480,DSCT
155830144,DSCT
78762264,EB
130950085,CEP
98223230,CEP
4321572,DSCT
1867610,RRL
62047777,RRL
82592157,EB
115190521,DSCT
102470411,DSCT
66138269,RRL
42827273,DSCT
53532881,EB
157124651,EB
27226752,RRL
122266006,EB
73171124,DSCT
5488712,CEP
59513828,DSCT
54092463,CEP
106127662,EB
127129879,EB
23541810,RRL
94166681,EB
28164826,CEP
84945195,EB
33260862,EB
19131686,RRL
83087444,EB
102227408,DSCT
50537100,DSCT
59245585,CEP
40490521,RRL
54865275,RRL
129261155,EB
146388564,EB
144351489,DSCT
21516021,DSCT
36416163,RRL
120307057,EB
51650841,DSCT
46097179,RRL
143695181,CEP
48989806,RRL
50710360,RRL
2227994,DSCT
142136783,EB
29654513,RRL
114063946,EB
45393070,CEP
100494360,DSCT
34882116,CEP
12051774,RRL
75998173,EB
28286253,DSCT
45790032,EB
100957077,DSCT
87475659,CEP
14291647,EB
66836237,RRL
126162199,EB
15815906,RRL
102012435,EB
39391411,CEP
28579022,RRL
85884068,EB
121528401,CEP
60752230,RRL
39700060,RRL
41050339,RRL
146414053,DSCT
86845114,DSCT
19968855,RRL
11531830,RRL
11218222,RRL
61444829,RRL
101734527,CEP
153924478,CEP
131167044,CEP
44769365,CEP
42134694,RRL
106144939,EB
6958930,CEP
40008750,RRL
41475399,RRL
105597938,EB
86816895,EB
13813107,EB
130029412,CEP
64026012,RRL
148343662,DSCT
4045481,RRL
120343594,EB
70202269,RRL
153290083,EB
32302896,DSCT
81249021,EB
23604684,RRL
104763026,EB
75585879,EB
112505806,EB
62647378,RRL
146314449,EB
141223070,CEP
150812225,CEP
33565972,CEP
117057200,EB
42104222,DSCT
48066178,RRL
37383742,DSCT
46389110,CEP
115784944,EB
63585101,DSCT
137470925,CEP
83777184,EB
50328562,RRL
157244157,EB
112091369,DSCT
44941339,DSCT
17285911,RRL
120192459,EB
158182542,DSCT
149244921,EB
40327437,RRL
144166754,DSCT
25112343,DSCT
108820794,EB
116278435,DSCT
33399067,EB
52722782,CEP
20781571,EB
106529338,DSCT
21086458,CEP
6960400,DSCT
48849771,CEP
71201527,DSCT
84893359,EB
126439166,EB
10705923,DSCT
134402140,EB
81494859,EB
51099002,DSCT
136467906,EB
129538722,CEP
109108598,CEP
85241873,EB
46700871,CEP
131507788,CEP
1712457,DSCT
1614335,DSCT
39189272,CEP
141286586,EB
102732937,DSCT
13472845,RRL
114173440,EB
70323604,DSCT
96572906,CEP
58948948,RRL
148244854,DSCT
126824047,CEP
90337810,CEP
85730347,EB
29368758,RRL
99522418,DSCT
49451002,RRL
99535996,CEP
82199344,EB
33642208,CEP
71469854,DSCT
104175907,CEP
2462717,RRL
82285840,CEP
91762855,CEP
60921843,CEP
137288908,CEP
6852808,RRL
5594007,RRL
92455936,EB
105051956,EB
146389225,CEP
10042875,DSCT
116040177,DSCT
51980542,RRL
65567820,RRL
31438764,EB
42398365,RRL
14973118,EB
133092529,CEP
112246000,CEP
20714861,EB
35854515,RRL
18113255,DSCT
96312871,DSCT
2275145,RRL
7280671,CEP
22701420,DSCT
115790147,CEP
40797004,CEP
153927900,EB
145228987,CEP
47886961,RRL
6199650,DSCT
41239081,DSCT
18495251,RRL
22194238,RRL
51460829,DSCT
38641923,DSCT
34471267,RRL
56838316,CEP
83447243,CEP
89134814,CEP
84040453,DSCT
124883124,EB
7272087,DSCT
154665591,EB
149601580,DSCT
135589433,DSCT
154140600,CEP
2203889,RRL
73705882,DSCT
74796831,CEP
121015680,DSCT
56223161,RRL
30384250,RRL
2169082,RRL
152486433,CEP
62244207,EB
98475309,CEP
106154383,DSCT
100979599,EB
124424298,CEP
92956445,DSCT
16402275,CEP
65820682,DSCT
157773463,EB
88503081,CEP
56279929,DSCT
39346679,RRL
127926383,DSCT
10725629,EB
158562230,EB
11535666,RRL
21276043,CEP
49880081,EB
70945950,RRL
52310003,CEP
133157313,EB
144265310,CEP
72302640,RRL
29134087,RRL
140566513,CEP
2083540,RRL
146742407,CEP
124533075,CEP
13235905,EB
4825537,RRL
44159469,DSCT
22676424,RRL
139014019,EB
125216312,CEP
139845849,EB
61000156,RRL
128729463,EB
70768429,RRL
55461733,RRL
75401791,EB
10489113,RRL
56934698,EB
128967894,DSCT
11076683,RRL
45223146,RRL
117092939,DSCT
64455343,RRL
49740701,RRL
1271768,RRL
86896258,DSCT
65526420,RRL
60779493,RRL
4712921,CEP
110645392,EB
40312047,RRL
105063427,EB
72334676,RRL
88097104,EB
7767476,RRL
149822330,DSCT
149511301,DSCT
58609773,CEP
69269004,CEP
62749332,DSCT
10361086,DSCT
153538716,CEP
49777821,RRL
43602362,RRL
153393834,EB
14685526,RRL
33207635,CEP
27752317,CEP
158835703,EB
91532458,CEP
108197588,CEP
67718204,RRL
24293960,EB
49938275,RRL
149126456,CEP
136946226,EB
62023460,DSCT
3863987,RRL
2877395,RRL
94973653,EB
105227080,CEP
57711041,EB
121531052,CEP
41181682,EB
33928100,DSCT
35970909,CEP
90564445,CEP
135122151,CEP
14568473,RRL
53664365,CEP
141519921,DSCT
116973160,EB
73996734,DSCT
49777928,RRL
37353709,CEP
64373260,RRL
145644346,EB
44886868,DSCT
40795584,RRL
56128191,CEP
55051756,RRL
55795435,EB
46770224,DSCT
1624942,EB
51537431,EB
67546404,RRL
134633474,EB
66350912,DSCT
49471579,CEP
82183638,EB
142404311,EB
138465796,CEP
70981991,RRL
9577884,RRL
99607578,DSCT
28734141,RRL
128035514,EB
102552585,DSCT
17943343,RRL
113610585,EB
87168747,CEP
156538684,EB
47704658,DSCT
159116511,DSCT
72223632,RRL
153712047,DSCT
135500324,DSCT
36053039,RRL
151006782,DSCT
76179645,DSCT
116588180,DSCT
42793041,CEP
52026729,EB
51368780,CEP
33515170,DSCT
60868383,RRL
56866001,RRL
4674915,RRL
18562478,RRL
47948712,RRL
159353778,EB
10827490,RRL
82638262,CEP
92528135,EB
87071480,CEP
141700229,EB
34911427,EB
69345403,CEP
153714922,CEP
134950537,CEP
60785518,RRL
24798856,EB
116688355,EB
118458310,CEP
58020436,EB
135805579,CEP
6107777,CEP
110011063,EB
59852364,DSCT
42553443,RRL
6533773,RRL
128890507,DSCT
16620278,CEP
143169879,CEP
26730673,RRL
130717017,EB
42855208,RRL
94931158,EB
35331366,EB
12997344,CEP
86485814,CEP
54092295,EB
30742836,DSCT
73513831,CEP
122302528,DSCT
63321183,DSCT
32381972,CEP
61745883,RRL
143000761,EB
77727802,DSCT
63147117,RRL
145286546,CEP
146623674,DSCT
77840509,EB
76883347,CEP
43866234,RRL
128968979,EB
123180589,CEP
159369738,DSCT
42058957,RRL
35008779,DSCT
87554228,EB
98422852,DSCT
20744599,RRL
85221830,CEP
99898123,EB
142267981,CEP
114985868,CEP
158642461,EB
18804356,RRL
13010359,RRL
29778631,DSCT
7694514,DSCT
55326471,DSCT
137651142,CEP
72511036,EB
22421046,DSCT
82436533,CEP
16516086,DSCT
120901747,EB
33085370,RRL
42500945,RRL
49584728,DSCT
13593641,DSCT
133907874,EB
24479499,RRL
23229449,RRL
21580052,RRL
94602724,CEP
86413085,DSCT
15342115,CEP
20210805,RRL
16303314,DSCT
25179325,RRL
139237145,CEP
126827145,DSCT
28619153,RRL
10775761,RRL
114644696,DSCT
124006927,EB
143033785,DSCT
155929551,DSCT
2230750,DSCT
42356147,DSCT
1012677,EB
93028292,EB
93205933,EB
71035670,RRL
63689804,RRL
114173052,CEP
151632027,CEP
1484457,RRL
152369113,CEP
103148128,EB
63923648,RRL
62888969,EB
5259620,RRL
39233291,RRL
135189584,DSCT
26186077,RRL
81231917,CEP
5040539,DSCT
152202868,EB
18393650,RRL
31877174,DSCT
41294245,RRL
141995422,DSCT
3682856,CEP
75689899,DSCT
158025714,DSCT
95963698,DSCT
23792115,CEP
1480758,EB
54944387,CEP
82138685,CEP
156339224,CEP
60055259,CEP
17960110,CEP
29295941,DSCT
40470638,CEP
158993580,EB
22432578,RRL
156011529,EB
148517482,CEP
154725834,EB
3054706,RRL
35019870,DSCT
88482592,DSCT
149679110,DSCT
18930469,RRL
99763349,CEP
128797518,EB
46383849,CEP
77382913,EB
36537357,DSCT
152691479,CEP
70781811,RRL
1259013,RRL
45292938,DSCT
51025794,RRL
19640274,RRL
106779911,EB
21234550,EB
115844977,DSCT
95004026,DSCT
32052559,DSCT
118666030,DSCT
122863316,EB
107828208,CEP
1253826,RRL
68567599,EB
20564061,RRL
62842690,DSCT
128030556,CEP
63796687,DSCT
22098513,EB
157839172,DSCT
85706952,CEP
36318505,DSCT
43191093,RRL
128918980,EB
57123437,EB
14503509,DSCT
144864752,DSCT
126562559,DSCT
39130510,DSCT
125596824,EB
145511234,EB
147410567,CEP
97400643,CEP
106637001,DSCT
51631952,RRL
138700544,EB
6163362,EB
64949789,DSCT
24616984,RRL
118963090,EB
159467630,CEP
39775322,EB
98798863,DSCT
59530608,RRL
53070473,CEP
19030167,RRL
47549192,DSCT
125208450,EB
70432804,CEP
8683169,DSCT
127939651,EB
44783625,DSCT
16965231,RRL
12218735,CEP
114566951,DSCT
15308955,RRL
155190727,EB
132533410,EB
152846828,EB
18286109,CEP
97205987,EB
91457685,CEP
133007618,CEP
16453017,DSCT
11765376,RRL
10550463,RRL
100933415,DSCT
42166343,DSCT
25685885,RRL
54449945,RRL
36962926,RRL
114824525,DSCT
135246037,DSCT
101069655,CEP
71744349,RRL
28601193,DSCT
50045634,RRL
138444827,DSCT
110431630,EB
100644879,CEP
44533953,RRL
8476747,RRL
18550599,CEP
70611812,RRL
31536551,DSCT
25566780,RRL
5975290,RRL
107786223,CEP
89863432,EB
93493246,EB
83831127,EB
142522499,CEP
67799353,RRL
140260087,DSCT
31422326,RRL
26535383,CEP
4512422,RRL
72606932,CEP
49152771,CEP
62534514,RRL
46101700,RRL
7672611,RRL
32348356,DSCT
25341120,RRL
19895162,RRL
156167674,EB
150897517,CEP
77213669,EB
138963017,DSCT
44699207,RRL
67524441,RRL
145515875,DSCT
35705835,RRL
40541500,RRL
49531918,RRL
145379014,EB
68590459,DSCT
148678427,CEP
38086001,DSCT
133263695,EB
73716240,DSCT
84334857,DSCT
93184575,CEP
27326379,RRL
68813658,RRL
120899725,CEP
126601452,CEP
34160718,CEP
156413053,DSCT
99172765,DSCT
75535261,EB
115831643,EB
43281156,RRL
92952539,DSCT
157429113,DSCT
118404792,CEP
119725364,DSCT
42728728,RRL
37059360,RRL
5250945,CEP
6838760,EB
139988118,DSCT
4429421,DSCT
114671102,CEP
44712953,RRL
53092237,RRL
73565452,RRL
115921789,CEP
32481625,CEP
33615402,RRL
75803241,EB
120974293,EB
13342934,EB
133015827,DSCT
151293683,DSCT
62087173,CEP
108559610,CEP
137786005,EB
50340443,EB
106457550,DSCT
99457647,DSCT
145579759,CEP
27592977,DSCT
25690448,CEP
83359858,DSCT
94415394,EB
107861257,DSCT
85774204,EB
1283805,RRL
3559494,RRL
121834205,DSCT
78944165,DSCT
97579376,CEP
156562786,CEP
102773417,DSCT
74477868,DSCT
147421630,CEP
153738668,DSCT
67104786,RRL
51193580,DSCT
53558323,CEP
146535981,CEP
1460812,RRL
127143927,EB
103331715,DSCT
154461374,CEP
73067810,CEP
114772991,EB
13579371,CEP
64960439,DSCT
112260939,CEP
145570905,EB
9163939,RRL
47422328,CEP
45087082,CEP
143899547,EB
65114473,DSCT
141377390,CEP
106217302,EB
18983523,CEP
4090466,CEP
15014653,EB
139956593,EB
140921499,EB
9352659,RRL
39272249,DSCT
25147570,RRL
62757880,CEP
140747517,DSCT
130698912,DSCT
68003082,RRL
56961335,CEP
31252358,RRL
42241796,EB
76405621,CEP
146412625,DSCT
11489574,CEP
47541168,RRL
4553765,DSCT
28205677,RRL
158236399,DSCT
151911344,EB
152053160,DSCT
131329340,CEP
15207163,RRL
59224593,RRL
86129805,DSCT
69522491,RRL
77994427,DSCT
29423709,RRL
59487895,CEP
1757541,DSCT
52129625,EB
90264492,CEP
40682613,RRL
45461236,EB
137208064,DSCT
124861981,EB
51244643,CEP
133735620,DSCT
105528314,EB
84049930,EB
144695744,EB
100269154,DSCT
159160202,CEP
133815519,EB
67599943,DSCT
71014195,CEP
33797239,RRL
11147051,RRL
1933715,EB
63439169,RRL
154719752,CEP
96197648,EB
76970698,EB
139031676,EB
107226283,CEP
123456807,DSCT
75280870,EB
37671880,RRL
15015328,DSCT
28582775,RRL
95548787,CEP
54091731,DSCT
112912478,DSCT
71158890,DSCT
76208623,DSCT
96505433,CEP
21491000,DSCT
89969234,CEP
39478403,CEP
44539534,RRL
52729964,EB
27074123,RRL
61729926,EB
77369518,CEP
26743984,RRL
24686805,RRL
18183953,CEP
96346961,CEP
5780563,EB
45557184,RRL
117237121,EB
107777829,EB
56823715,CEP
52676622,RRL
33049078,RRL
38582535,CEP
26875712,EB
37173783,DSCT
22284875,CEP
26846525,DSCT
131532158,DSCT
139810835,EB
134561845,CEP
12260948,RRL
55668813,CEP
87169997,EB
25042287,RRL
1455184,RRL
56700687,EB
100486651,EB
79248029,EB
11578414,DSCT
47290476,DSCT
21140261,RRL
14302683,RRL
119004516,EB
94016455,EB
106234672,EB
97311964,DSCT
120259011,EB
70848303,CEP
113664480,CEP
100982567,CEP
152854270,EB
83406315,CEP
126282794,DSCT
107814275,CEP
122758307,EB
19792827,CEP
10612920,CEP
144883385,DSCT
52752439,DSCT
114163623,DSCT
107519251,DSCT
139026170,CEP
26486810,CEP
28657553,RRL
110399186,CEP
7178390,DSCT
25355359,EB
149072381,EB
119053796,DSCT
82489102,DSCT
57754537,CEP
59648568,RRL
96462164,CEP
56627738,RRL
56271567,DSCT
78132607,DSCT
147276021,EB
10047121,EB
20440209,EB
67110005,RRL
110724263,EB
54403035,RRL
6261017,CEP
48436692,RRL
92717442,CEP
3455506,RRL
17671761,RRL
20012773,CEP
61286137,RRL
5737819,CEP
124318374,EB
43112153,RRL
53695727,EB
81058884,EB
37274280,RRL
23804941,DSCT
68702846,EB
137402991,DSCT
146748412,EB
54138480,CEP
35349443,RRL
99635333,DSCT
91162851,CEP
145310314,CEP
142175314,DSCT
27272928,DSCT
80479432,CEP
84243880,DSCT
142571796,CEP
78903470,EB
127964781,DSCT
31868528,CEP
68438589,CEP
42188486,RRL
23608326,RRL
46661213,DSCT
76672510,CEP
25199567,EB
36020815,DSCT
143926022,EB
157957173,EB
28022191,RRL
53931116,RRL
151649613,EB
101392724,EB
39293051,RRL
146142913,EB
120170210,CEP
42661375,RRL
152184814,DSCT
110987394,CEP
9541159,RRL
36282544,RRL
10182494,CEP
154356256,CEP
12544539,RRL
119343380,EB
124486511,EB
2567637,RRL
13428524,CEP
65960542,EB
25684926,RRL
51509230,CEP
93002824,EB
10485691,RRL
43873842,CEP
13425605,RRL
64901941,RRL
98367659,DSCT
50168167,CEP
134635157,DSCT
55524412,RRL
18187292,DSCT
4674491,RRL
54570679,DSCT
130072664,EB
126986255,CEP
4705022,RRL
134968430,DSCT
6341591,RRL
82150310,EB
113109493,CEP
10358586,RRL
54711051,RRL
1541442,RRL
14954420,EB
55247673,RRL
111108394,DSCT
128263539,DSCT
83059410,EB
40630549,RRL
70333434,DSCT
116445725,EB
63030733,CEP
136889773,DSCT
127584407,EB
68633440,CEP
53948388,RRL
43917857,RRL
97783472,EB
54916981,CEP
59088530,CEP
52173498,RRL
114738710,EB
125930142,EB
61221515,RRL
93066976,DSCT
138970149,CEP
100922397,DSCT
88733584,CEP
65671119,RRL
110536897,CEP
98500088,EB
93797611,EB
76857435,DSCT
36137101,RRL
63547618,RRL
83808114,DSCT
13398263,RRL
22428943,RRL
126542642,EB
47636040,CEP
16496508,DSCT
31584286,DSCT
13601139,DSCT
58857608,EB
123964916,EB
11788880,RRL
68035302,CEP
66500481,DSCT
121495971,CEP
106488465,DSCT
148013922,EB
41996011,EB
9221640,DSCT
32820587,DSCT
84900502,CEP
123890883,EB
84037770,CEP
132046162,CEP
135511375,CEP
94221550,CEP
31794235,DSCT
28527298,EB
148562690,EB
30009912,RRL
110853980,EB
45342331,EB
57767447,CEP
107349521,EB
74707189,EB
41220232,RRL
136422453,CEP
54024585,DSCT
49342922,CEP
77187662,CEP
128107010,EB
54447263,CEP
24385762,RRL
84978495,EB
53315789,CEP
17218373,RRL
112977686,CEP
128130065,CEP
6723517,RRL
19168185,CEP
115370282,CEP
94232202,DSCT
43345302,DSCT
21669761,RRL
58403519,RRL
22068372,CEP
55009663,RRL
19748815,DSCT
138099705,EB
28152794,DSCT
75934953,CEP
19029169,CEP
152699965,EB
120926520,EB
18464373,RRL
109538243,DSCT
51575544,DSCT
11068137,CEP
76237843,DSCT
33572343,CEP
31630831,DSCT
33673970,DSCT
40043616,RRL
17125756,RRL
136833156,CEP
50354377,RRL
46129130,DSCT
88778989,CEP
44123767,RRL
81091127,DSCT
67683659,DSCT
74719852,EB
151678416,EB
57852588,DSCT
87667787,EB
10082393,CEP
4624441,RRL
70574532,DSCT
76789490,EB
9028250,CEP
133360115,CEP
124850975,EB
1938170,RRL
79465149,EB
41930611,EB
94289516,DSCT
101417176,DSCT
100585209,DSCT
131275976,CEP
54167459,DSCT
5816265,CEP
112501637,EB
2792551,EB
111617747,DSCT
21869984,CEP
33976354,RRL
111234423,DSCT
138778563,CEP
111782261,EB
62182987,RRL
68439181,RRL
78202460,EB
2198591,RRL
22896526,RRL
62976429,RRL
115230112,DSCT
102235645,EB
36526215,RRL
76157566,EB
91779585,DSCT
134807335,EB
30017354,CEP
64883800,RRL
87400632,CEP
82873080,DSCT
142273289,EB
74963623,DSCT
93865297,DSCT
150997117,CEP
122089557,EB
52018369,RRL
136543555,EB
123220677,CEP
32854902,CEP
135704473,EB
130966280,CEP
53791959,RRL
10579080,RRL
120217217,DSCT
148810622,CEP
144946876,DSCT
145729603,EB
89345080,DSCT
66554817,DSCT
46522535,RRL
75571846,DSCT
147677580,DSCT
145435368,DSCT
34250168,EB
13570904,CEP
96281310,DSCT
16131057,EB
58948725,DSCT
64771979,RRL
55355323,RRL
122832583,CEP
133649730,CEP
35030398,CEP
9581098,RRL
119002846,EB
3628003,CEP
153994448,EB
70096942,DSCT
140475869,EB
14593027,RRL
16186221,DSCT
121896805,EB
6646304,RRL
65442065,CEP
6819388,RRL
152182070,CEP
11967382,RRL
103781174,EB
22381233,RRL
62122342,RRL
105399102,EB
11404764,RRL
7005617,RRL
11101331,CEP
8322109,DSCT
76093202,DSCT
30621475,DSCT
27816127,RRL
8078558,RRL
85566328,EB
121771295,CEP
22192474,EB
53006981,CEP
46248052,CEP
22390110,RRL
33685570,CEP
58228727,RRL
51820195,RRL
26873545,EB
63699772,RRL
43564988,RRL
61967421,RRL
61077400,DSCT
18959722,DSCT
130170798,EB
94007967,CEP
7314118,RRL
145844648,CEP
43717842,CEP
139684454,DSCT
123034670,CEP
146616555,CEP
47318275,RRL
49309463,EB
31554279,CEP
156631881,DSCT
36538232,RRL
61922523,CEP
98836049,EB
90877748,CEP
115233715,EB
3920659,RRL
40536380,DSCT
31647510,RRL
22535191,RRL
73341868,RRL
117738381,EB
48615340,RRL
78462828,EB
79047851,EB
123924954,DSCT
31194830,DSCT
146458266,EB
135786849,EB
154638752,CEP
102178567,DSCT
73645664,DSCT
103308635,CEP
52926602,RRL
19804471,EB
139734461,EB
56187787,RRL
128162073,EB
92824358,DSCT
60381348,RRL
68458387,DSCT
57794074,CEP
31331430,RRL
68733878,RRL
90315143,DSCT
98945395,DSCT
70471251,DSCT
69689764,CEP
44019912,DSCT
7983144,RRL
154070155,CEP
8469956,RRL
115637440,CEP
65267042,RRL
11262303,DSCT
29685874,RRL
68342127,CEP
86909548,EB
47465484,DSCT
69453694,RRL
14210376,RRL
81109477,DSCT
70622045,RRL
117751667,EB
141500446,EB
30743594,EB
157953656,DSCT
8029704,RRL
85267428,CEP
107740456,EB
29208100,RRL
81220211,CEP
8260406,EB
48507260,RRL
67774713,RRL
12266070,RRL
27867571,RRL
159384683,DSCT
26899372,DSCT
57341913,RRL
61414680,RRL
54878983,CEP
142612266,CEP
60800072,CEP
28824046,RRL
53544251,EB
51295530,RRL
157556150,EB
39141641,RRL
134087439,EB
115293413,DSCT
8707522,DSCT
17797318,RRL
100556462,EB
100901475,EB
83031712,EB
13296867,DSCT
20830951,CEP
62043724,RRL
39503754,DSCT
15292649,CEP
27905312,CEP
153167215,CEP
14385097,RRL
8160942,RRL
48906314,RRL
134080346,CEP
62665309,DSCT
89569148,DSCT
5787066,CEP
59909628,RRL
43026046,RRL
100841182,CEP
43902844,DSCT
32419137,RRL
74311835,CEP
156179834,DSCT
50919413,CEP
139109004,EB
1294430,DSCT
72130947,DSCT
75741862,CEP
24431304,EB
90740836,DSCT
24343187,DSCT
54976424,DSCT
134063173,DSCT
7706342,DSCT
127709161,DSCT
93624572,EB
128011486,EB
38184588,DSCT
135717732,DSCT
25574309,RRL
156089840,EB
26564115,CEP
145461517,EB
83649258,CEP
135624764,CEP
27315234,CEP
57169387,DSCT
84642537,CEP
56656574,RRL
61002409,RRL
131395282,DSCT
10997730,DSCT
127052519,EB
53132163,DSCT
83676491,EB
62380622,RRL
25572230,CEP
74295693,CEP
48114852,CEP
79232713,CEP
80601974,DSCT
60334409,DSCT
30911520,CEP
152661545,DSCT
64116843,DSCT
143879284,DSCT
34476125,DSCT
65343451,RRL
86172034,EB
141636167,EB
83121669,CEP
146507085,EB
60879356,CEP
66599671,CEP
61508730,CEP
61626142,RRL
37868532,RRL
144850083,CEP
156051486,CEP
69581759,RRL
78379000,EB
50038821,RRL
19488792,CEP
26691136,RRL
19120810,CEP
73300559,RRL
63898360,EB
18636021,RRL
3039849,DSCT
32159848,DSCT
147203617,CEP
111486063,EB
72775087,RRL
110931609,CEP
148095134,EB
76079732,DSCT
52055908,DSCT
45808614,CEP
153822407,CEP
60486264,RRL
22271523,RRL
2997299,EB
137666068,CEP
132318638,EB
87784902,DSCT
134995614,EB
20107956,RRL
3677858,DSCT
135377507,DSCT
124951390,CEP
59293885,CEP
63228325,CEP
36852668,DSCT
55466066,DSCT
115952511,CEP
53909322,RRL
68056640,RRL
113928663,EB
97620265,EB
157500083,CEP
107530620,DSCT
129797567,EB
102752079,EB
16646707,EB
65045821,RRL
41802391,DSCT
87270647,CEP
144821046,EB
38826277,RRL
65526628,RRL
70149202,EB
124179859,EB
125333928,EB
158675841,DSCT
149687577,DSCT
28697770,DSCT
70592208,RRL
24998311,DSCT
97751270,EB
1200489,DSCT
13689530,DSCT
144799540,EB
61181239,RRL
34114692,RRL
98029943,DSCT
27492636,RRL
65724075,EB
144840840,EB
84227128,EB
6595207,RRL
75976507,EB
100834307,CEP
143731183,EB
25313954,RRL
69392172,CEP
1475691,RRL
73471094,CEP
118691941,EB
133204711,EB
51764379,CEP
149707454,EB
108124444,EB
142611009,DSCT
58169081,EB
113936642,DSCT
127099038,EB
12425903,DSCT
64700894,RRL
10552144,DSCT
106384871,DSCT
44555299,DSCT
118903325,CEP
55140474,RRL
146910531,DSCT
126363117,DSCT
99592484,EB
128306495,DSCT
120430480,EB
112841917,EB
120792787,CEP
122162770,CEP
139412304,EB
139560110,EB
101086546,EB
62482799,CEP
13879787,EB
159091199,EB
37735125,RRL
77072092,DSCT
5308219,EB
138128043,DSCT
32348961,RRL
7662426,RRL
40901510,DSCT
126150339,CEP
13873224,RRL
28063773,CEP
38575345,EB
138563026,DSCT
55221065,RRL
38144554,RRL
155770446,EB
136003742,CEP
2937657,CEP
16959314,RRL
137584916,EB
65535592,CEP
115868173,EB
80164355,EB
144651530,EB
21064418,RRL
25298089,RRL
17798582,RRL
12709160,RRL
133113156,CEP
16221891,EB
44014893,EB
6002753,DSCT
57695024,CEP
155031159,EB
155481312,CEP
6509805,DSCT
62958960,RRL
8720429,DSCT
84644313,DSCT
39267476,CEP
15987137,CEP
69870031,CEP
51547633,DSCT
58798591,EB
151271540,EB
53176589,RRL
88609855,DSCT
104124164,DSCT
59300871,CEP
10247975,RRL
66248362,RRL
129869261,EB
67107235,RRL
75756718,EB
24555165,DSCT
49453130,RRL
123232414,EB
47283366,RRL
16316307,CEP
84933626,CEP
129397607,DSCT
120769130,CEP
57917630,RRL
118633206,DSCT
123163020,EB
77651699,EB
10062704,RRL
9742088,CEP
72050747,RRL
67388317,EB
55029600,RRL
18528414,CEP
147892956,DSCT
12530129,EB
146870282,CEP
101257692,CEP
27202802,CEP
11823230,CEP
12454565,RRL
48524139,CEP
124060996,EB
23949454,RRL
153175044,EB
47756716,EB
29001346,CEP
13959812,RRL
5868393,EB
159181421,EB
27540069,RRL
133264002,EB
26705337,DSCT
62921104,RRL
110707046,EB
110586130,CEP
30886821,DSCT
29967703,RRL
14069488,CEP
92861401,EB
124616422,DSCT
150085861,CEP
102342397,CEP
113112107,DSCT
115995350,CEP
29729750,CEP
24924546,RRL
85941409,DSCT
12394005,RRL
90381263,EB
100335202,CEP
19735870,EB
26513998,RRL
69736424,RRL
123961159,DSCT
20552682,DSCT
11632101,DSCT
77303227,EB
120703378,EB
89621283,CEP
52978216,DSCT
95738488,DSCT
152297409,CEP
26097924,EB
64666275,RRL
156725719,EB
35120589,CEP
118909528,EB
119918977,EB
87729384,EB
80707391,EB
71493771,EB
86601298,CEP
123576131,CEP
63281272,RRL
14858841,DSCT
25044783,CEP
17824796,CEP
27396038,RRL
118044620,EB
46478564,RRL
13102209,DSCT
86532715,EB
112987245,CEP
16100762,RRL
24921286,CEP
79967589,DSCT
47741203,EB
66171269,RRL
38505852,DSCT
20098617,CEP
16025225,RRL
50757700,RRL
133820927,CEP
25577941,RRL
93224409,EB
40505136,DSCT
135393209,CEP
75782691,DSCT
75519843,CEP
100596626,CEP
66210245,CEP
80176226,CEP
125115964,DSCT
104332293,EB
27706581,EB
2634580,RRL
68056925,DSCT
118192738,EB
1431815,RRL
124217867,CEP
71703566,RRL
96199434,DSCT
7766670,RRL
120304257,EB
107780671,CEP
8292384,RRL
134991345,EB
59747237,RRL
75773982,DSCT
52008913,RRL
29969454,EB
100369097,DSCT
88968856,CEP
65496377,RRL
60005465,RRL
107382362,DSCT
140852616,DSCT
118069054,DSCT
128281536,EB
117586218,DSCT
130307557,CEP
143411332,EB
154396067,EB
44028154,EB
70792651,DSCT
14321626,DSCT
107514899,EB
125004479,DSCT
111179459,DSCT
150941949,CEP
118072878,CEP
10191565,EB
55434316,RRL
43668690,RRL
60389632,EB
36107228,DSCT
89833633,DSCT
141294260,DSCT
146906785,DSCT
62138149,CEP
20622242,RRL
65759340,DSCT
48041870,DSCT
56233284,DSCT
94106666,EB
28856727,DSCT
68613848,RRL
154302958,DSCT
16561017,CEP
30260046,RRL
54166227,RRL
4986264,DSCT
83110566,CEP
58645442,RRL
87131105,CEP
149783439,CEP
129017488,EB
123355459,DSCT
114286007,DSCT
15573626,CEP
35862180,RRL
20111261,RRL
157791205,EB
129270960,CEP
18028270,RRL
111804655,DSCT
63252150,EB
141332659,DSCT
150191169,CEP
7323208,DSCT
21831609,CEP
37784913,CEP
15366526,CEP
64524369,RRL
158471992,DSCT
151332406,DSCT
61609873,EB
21089037,DSCT
93731854,DSCT
32015691,DSCT
55028005,EB
2173453,RRL
121353169,EB
30904688,RRL
51543287,DSCT
79741142,EB
60031309,RRL
45555512,CEP
90522408,CEP
84096908,DSCT
144482823,CEP
117995532,DSCT
113007633,EB
57216472,RRL
42282904,RRL
92622638,DSCT
71971186,RRL
8482736,DSCT
100343460,DSCT
87626245,DSCT
68178415,DSCT
29305975,RRL
97078825,CEP
5182491,DSCT
124632727,EB
60190893,RRL
103537377,CEP
44754919,EB
117113819,DSCT
19784653,DSCT
2367215,CEP
19240457,CEP
16518821,RRL
122003982,CEP
153422451,EB
58699393,DSCT
47340254,RRL
122814348,EB
43008229,RRL
33369400,RRL
146594396,EB
14238779,DSCT
54283087,DSCT
13483817,EB
59571952,DSCT
47853185,CEP
78904141,CEP
45647696,RRL
25192845,CEP
53524049,CEP
3211917,CEP
24662947,CEP
146837705,EB
138571091,EB
79846746,EB
30231081,RRL
93258625,DSCT
47159427,RRL
142400962,CEP
17344804,DSCT
83003594,CEP
4605464,CEP
72533332,DSCT
33280775,CEP
63918682,RRL
25609674,RRL
110256321,CEP
21375550,CEP
92540011,EB
47302858,DSCT
159099121,CEP
90874901,EB
90129391,EB
141226298,EB
108400241,EB
53086057,RRL
63234662,CEP
97359084,EB
119348348,DSCT
75065665,EB
66239232,EB
68720138,EB
35945059,CEP
153107970,EB
145080251,DSCT
8820645,DSCT
11022580,RRL
59265726,RRL
2993083,RRL
73620390,CEP
87975285,DSCT
8010288,DSCT
39584134,RRL
36233426,DSCT
73610983,EB
70930225,RRL
102968434,EB
82993401,EB
2638790,RRL
141169695,EB
4581872,CEP
71488815,RRL
143041328,DSCT
26234036,RRL
145597700,CEP
45454334,DSCT
47852180,EB
90125185,CEP
77916389,DSCT
63664769,DSCT
85113518,DSCT
43859235,CEP
113971688,DSCT
67432872,RRL
19032442,CEP
107104467,CEP
40188094,RRL
90949429,EB
156564556,EB
126748943,EB
2902366,DSCT
110605650,CEP
57881921,RRL
4393457,DSCT
5462018,DSCT
32185083,RRL
78830969,EB
54182862,DSCT
119939637,CEP
9346654,CEP
16129083,CEP
69608283,RRL
78594510,CEP
34284990,RRL
153849525,EB
43448532,CEP
119514684,EB
1599426,EB
96085646,EB
51438954,EB
100257890,EB
12086812,DSCT
95918884,CEP
30581982,RRL
18204261,RRL
144313636,DSCT
32484228,CEP
50610308,CEP
137717145,EB
136259884,EB
113316410,EB
121017936,EB
62609625,CEP
46188981,RRL
103510244,DSCT
127156789,EB
44130471,RRL
47707776,RRL
54588130,RRL
83912692,EB
138029273,EB
72029726,RRL
9588339,CEP
73744662,CEP
95670747,DSCT
53290898,RRL
143387572,CEP
124662157,EB
21377504,RRL
74480100,DSCT
21649373,RRL
53979893,RRL
56868326,RRL
8268339,RRL
158506105,EB
103654619,DSCT
15332049,RRL
51750660,EB
26208110,RRL
145643560,EB
116352314,DSCT
19721530,CEP
138511342,EB
133318111,EB
126785185,CEP
48835840,DSCT
33830811,EB
63958639,DSCT
45408464,RRL
30019174,CEP
134290398,CEP
24929423,RRL
139685882,CEP
67168264,RRL
52840335,RRL
34666965,RRL
29534571,RRL
20297622,RRL
22184080,CEP
43310120,RRL
96837672,CEP
11331136,RRL
85676605,DSCT
58889506,RRL
67383244,CEP
88176784,CEP
157058304,DSCT
34678320,DSCT
1339295,CEP
6172697,CEP
131592050,DSCT
113299587,EB
2098897,DSCT
19989479,DSCT
46336729,CEP
155128177,EB
31980015,CEP
90943285,EB
10248896,EB
20946642,DSCT
37157061,RRL
62926273,CEP
31681253,RRL
120969822,DSCT
157883711,CEP
112124832,EB
79041855,EB
45540854,CEP
15770863,RRL
50476127,RRL
9270118,RRL
66251199,RRL
122759418,CEP
40535830,EB
142158531,EB
104823804,EB
65870302,RRL
76070963,EB
40445779,RRL
36518900,RRL
87983649,EB
62540295,DSCT
116214730,EB
79314941,EB
89301612,DSCT
159192786,EB
29961349,CEP
61960346,RRL
80406001,EB
130188360,CEP
47612802,RRL
30592844,RRL
62770944,RRL
6904393,EB
81774000,EB
6210384,DSCT
50200449,DSCT
96598045,DSCT
65270978,RRL
153515158,EB
44332728,RRL
8313089,RRL
73145454,EB
143000840,EB
85091034,EB
156598736,EB
47159354,RRL
56229558,RRL
59598656,RRL
31734421,CEP
104407795,CEP
37974228,DSCT
69224951,DSCT
72680566,CEP
81517825,CEP
25333534,RRL
92355467,EB
92166096,EB
54311883,RRL
159076731,DSCT
82265001,CEP
62868412,DSCT
91736635,CEP
42905092,EB
139348842,EB
125103424,CEP
155937041,DSCT
68124222,RRL
54742551,CEP
80188924,EB
13925863,DSCT
49572020,RRL
103991083,EB
27135062,DSCT
37993493,EB
66823011,CEP
33391328,RRL
46681686,RRL
111976469,CEP
113564762,EB
65679604,EB
30446034,RRL
32568005,CEP
113804216,DSCT
55375376,CEP
43166054,DSCT
139223487,CEP
59320696,RRL
49658588,DSCT
135212509,EB
7919493,DSCT
55584492,RRL
57050494,RRL
34676957,RRL
12062709,CEP
79437633,DSCT
3524601,CEP
42727520,RRL
23377521,RRL
75231201,EB
156941389,EB
118048676,EB
138729081,EB
98640519,EB
4974915,RRL
16800005,DSCT
36303858,RRL
6455181,DSCT
58597521,DSCT
62395315,DSCT
62921466,RRL
135260682,EB
83426046,DSCT
149219203,EB
45984811,DSCT
78976103,EB
61931401,CEP
57066860,DSCT
37647462,DSCT
129761876,EB
8724351,RRL
25012793,EB
87269138,EB
157634814,DSCT
41905656,CEP
12528830,CEP
4183976,CEP
45375795,RRL
152307139,EB
29410249,RRL
39800396,CEP
156074442,DSCT
122058486,EB
142194752,EB
155111344,DSCT
35812157,RRL
64610974,CEP
40801471,RRL
3659922,RRL
55890579,DSCT
145404689,EB
138427934,CEP
44844759,RRL
32170848,DSCT
137776324,EB
32614166,RRL
54824836,RRL
70445893,RRL
126946146,DSCT
44826469,CEP
42026781,DSCT
121619691,DSCT
114935281,EB
129206874,CEP
129755600,DSCT
73781264,CEP
104597678,DSCT
149696783,CEP
103972617,DSCT
84597664,CEP
134781697,CEP
89951906,CEP
44885868,RRL
33018732,DSCT
23765215,EB
80196545,EB
60633415,RRL
80036017,EB
111248634,CEP
67954641,DSCT
74530747,CEP
151130112,EB
77567359,EB
106128378,DSCT
127847145,EB
119580649,DSCT
35755223,EB
112055928,DSCT
46807701,RRL
138236829,DSCT
104165953,CEP
70947363,EB
130183089,CEP
42515314,RRL
32879724,CEP
80079195,DSCT
113431243,EB
120974412,EB
55786441,CEP
62576498,RRL
40802340,RRL
58188618,CEP
21880067,EB
125919286,CEP
2450568,DSCT
65624359,EB
24294768,EB
45212344,RRL
92756225,EB
35770678,DSCT
82875895,DSCT
37956829,RRL
105212583,DSCT
59747567,CEP
61242371,DSCT
146240959,EB
40448611,CEP
150802010,CEP
74513001,CEP
93605803,DSCT
89692961,EB
26393575,DSCT
13444010,DSCT
112847246,DSCT
32690611,RRL
139877388,DSCT
42437210,RRL
51305189,RRL
140370165,EB
80826101,EB
150151666,EB
54948139,RRL
158843678,CEP
119540919,EB
145944182,EB
105965599,DSCT
96093250,CEP
104483073,CEP
64440457,EB
29815704,RRL
25083691,CEP
104608999,CEP
109210011,DSCT
89999595,DSCT
116109579,CEP
31989745,RRL
107738568,CEP
137874275,CEP
65959913,RRL
22833621,CEP
26565771,CEP
43559230,RRL
57229500,RRL
62378089,RRL
92970807,DSCT
78183655,EB
68208205,RRL
59146504,RRL
1233912,DSCT
5069904,CEP
79266403,CEP
2497903,CEP
106963577,CEP
58412281,DSCT
91866663,EB
103381099,DSCT
133853868,EB
132440482,CEP
117464180,CEP
19613026,RRL
47811411,DSCT
1793324,RRL
39464176,DSCT
61035023,EB
105264429,EB
76183165,EB
49434261,RRL
59754671,RRL
17922198,EB
146819087,DSCT
2696180,CEP
26128892,DSCT
124834816,DSCT
143655870,DSCT
132356710,CEP
50198213,DSCT
114885545,CEP
8755294,DSCT
105266015,CEP
32078190,RRL
65702411,DSCT
107660105,EB
158420818,EB
22036018,RRL
53358169,RRL
45288739,RRL
87359256,DSCT
158025842,EB
123421086,EB
149415674,CEP
65368254,RRL
90751530,CEP
117161621,EB
51988780,DSCT
32033930,DSCT
48122575,RRL
133743924,EB
122747545,EB
59831172,DSCT
40819236,EB
127908347,CEP
68876879,RRL
72851348,RRL
3300142,CEP
130723508,CEP
33720777,DSCT
138482298,DSCT
117917291,EB
145324624,EB
48829266,RRL
153862231,EB
75336893,DSCT
7983266,RRL
87333398,EB
122833814,CEP
95809386,CEP
32595572,RRL
35385492,RRL
50015020,EB
51109223,RRL
127180618,EB
95280778,EB
1067946,CEP
48385931,RRL
67072336,DSCT
47914851,RRL
43617570,RRL
6970879,RRL
29761656,RRL
134657141,EB
61697902,RRL
90142254,EB
82685276,EB
110605307,CEP
38465798,RRL
133892535,DSCT
19488445,DSCT
94641354,EB
67550550,EB
60842744,DSCT
42614587,CEP
77317116,EB
139400659,CEP
94270647,DSCT
48632396,DSCT
5892978,DSCT
40075319,CEP
8819006,RRL
34082277,RRL
20807274,RRL
6114152,RRL
41441169,RRL
73169747,EB
54384750,DSCT
108153024,CEP
50090512,CEP
91616453,DSCT
42558308,CEP
63239160,RRL
115251948,DSCT
133592878,DSCT
53759266,DSCT
36312399,EB
30970967,CEP
74698186,DSCT
14422448,RRL
108805109,CEP
35909135,DSCT
6339453,DSCT
6322494,RRL
146587282,EB
49871795,DSCT
93597992,EB
1888449,RRL
137518954,DSCT
12025115,DSCT
18382238,CEP
144163667,CEP
132168012,EB
42879046,DSCT
127708338,EB
69230687,RRL
26333370,RRL
136896980,EB
154241068,DSCT
73799575,CEP
127346227,CEP
9485983,RRL
14441689,DSCT
44523678,EB
149305064,EB
52477450,CEP
89131872,DSCT
5530507,DSCT
33016793,RRL
93986346,DSCT
155893412,DSCT
33339208,CEP
76211971,CEP
74853065,EB
51885084,RRL
74271146,EB
96717109,DSCT
65243930,RRL
27257246,RRL
125280416,EB
88359100,CEP
57537529,RRL
25205105,CEP
85703924,CEP
32595700,DSCT
58214286,EB
69122032,RRL
126691829,EB
136002260,DSCT
8747695,EB
27554289,RRL
145515254,CEP
71730491,RRL
110884365,EB
67630348,CEP
46166351,RRL
129396945,DSCT
54881786,DSCT
121785535,DSCT
96990415,EB
147774494,EB
22504692,RRL
11330816,RRL
60075713,RRL
39567682,CEP
86497158,DSCT
130548164,DSCT
124552760,CEP
83471242,EB
71101498,RRL
73507340,EB
133519111,CEP
40130240,DSCT
65957208,RRL
136487129,DSCT
93393705,CEP
101224795,DSCT
73313133,RRL
124865581,DSCT
110255153,DSCT
67783735,RRL
76476082,CEP
53359230,DSCT
8534570,CEP
110809134,DSCT
94334683,EB
75529148,CEP
77960338,CEP
145698025,EB
13511065,DSCT
133654987,DSCT
2746505,CEP
138931514,EB
45589931,RRL
138597552,CEP
40607012,EB
120789882,DSCT
87665721,EB
127901389,EB
66141585,RRL
18537806,CEP
57747462,DSCT
130550843,CEP
28604377,RRL
115740913,EB
37082440,DSCT
147371602,DSCT
41676915,CEP
78580493,CEP
64697053,DSCT
36662106,DSCT
101670987,EB
82974488,CEP
10202628,RRL
130910834,CEP
108816173,EB
4573115,RRL
127067939,CEP
98149734,CEP
117703241,DSCT
80029419,CEP
71041690,RRL
109022206,EB
68460577,CEP
10468055,RRL
67400123,RRL
118009447,EB
80375558,DSCT
49984461,DSCT
82020513,CEP
44317227,EB
133025946,DSCT
32816783,RRL
31266337,CEP
8627040,DSCT
1758538,RRL
62358819,EB
68474762,RRL
32593511,CEP
56888296,RRL
152283415,EB
11761335,DSCT
26644849,CEP
60818358,RRL
144337503,CEP
85130469,EB
64256109,CEP
56496946,CEP
98140353,EB
158661918,CEP
59638710,CEP
6028382,CEP
127910489,DSCT
137341369,CEP
78469882,CEP
84944170,DSCT
48638577,RRL
35022370,CEP
82368075,CEP
5539524,EB
158332744,EB
5158093,CEP
4992083,DSCT
60938415,RRL
28197733,RRL
9523443,RRL
26394607,CEP
127006471,EB
105446076,DSCT
51458877,EB
47192201,RRL
111267584,EB
114308907,CEP
7665889,RRL
24214507,RRL
71340879,EB
96697683,EB
36614394,RRL
110416252,EB
121470978,EB
136738616,CEP
38175494,CEP
122452334,DSCT
19056063,RRL
16542608,DSCT
93107591,EB
60427660,DSCT
136878134,EB
102183540,CEP
49976509,EB
106761594,CEP
106157683,CEP
38128932,RRL
58496209,CEP
64694218,EB
40814100,DSCT
141721356,EB
12385626,DSCT
128128272,EB
4019638,CEP
45691277,RRL
59849436,EB
40815981,CEP
98410480,CEP
37426259,DSCT
104523451,DSCT
87928993,EB
94536097,EB
83817682,DSCT
94379926,EB
77110301,EB
93171765,DSCT
20725526,RRL
134084819,EB
38835177,CEP
130423089,CEP
87519921,CEP
157676865,EB
8213676,CEP
85647770,EB
30252982,RRL
56335125,DSCT
15709952,CEP
105654330,EB
2136099,RRL
53523206,CEP
104934322,CEP
57818110,EB
28411566,EB
77759310,EB
22999778,RRL
72311280,EB
14764029,DSCT
9709499,DSCT
98571842,DSCT
28815633,CEP
85422668,EB
117796085,EB
71905707,RRL
117397211,CEP
29528792,DSCT
96264186,DSCT
8183639,RRL
60837310,DSCT
48478306,RRL
117242795,EB
8566808,DSCT
83382151,CEP
6685705,CEP
125188582,EB
49850945,RRL
78415339,CEP
119207831,CEP
52299132,CEP
99663051,DSCT
144057568,CEP
37879168,RRL
25603149,CEP
100387415,CEP
9888453,RRL
58594399,DSCT
57763583,RRL
78560972,DSCT
89983177,EB
48966013,DSCT
110005625,DSCT
48135547,CEP
68431291,CEP
122460762,CEP
123962151,DSCT
55392031,RRL
133953934,CEP
89267154,EB
113238114,EB
114845436,EB
42414164,RRL
131359260,CEP
105206512,DSCT
79649961,EB
108721156,CEP
47413591,CEP
111764268,CEP
69326245,DSCT
145345281,EB
71582801,RRL
43838290,EB
45053867,DSCT
146256815,EB
125758084,EB
80457512,CEP
114556519,DSCT
47496692,CEP
97653885,CEP
148008719,EB
79487963,EB
93406467,CEP
12783677,RRL
107695305,EB
6189665,DSCT
97507849,EB
6668733,RRL
15563918,DSCT
35200497,EB
96210795,EB
29334343,RRL
73883925,EB
138165775,CEP
31610537,EB
55604427,RRL
6910098,RRL
111977841,DSCT
146577580,DSCT
103637877,DSCT
31728571,RRL
18576982,RRL
147727407,EB
128362271,CEP
18834842,RRL
38987627,RRL
12545267,RRL
138399094,CEP
28376094,DSCT
57934885,RRL
26465359,RRL
77328796,DSCT
144526085,DSCT
53331242,RRL
37560278,CEP
51047102,RRL
27344258,RRL
101561282,CEP
80669591,EB
139124836,CEP
19328702,CEP
74872860,CEP
59809459,RRL
48283210,CEP
16214933,DSCT
125201883,EB
45455629,PISN-STELLA_HYDROGENIC
58717562,PISN-STELLA_HYDROGENIC
106187660,PISN-STELLA_HYDROGENIC
119867702,PISN-STELLA_HYDROGENIC
148019839,PISN-STELLA_HYDROGENIC
94363701,PISN-STELLA_HYDROGENIC
29539482,PISN-STELLA_HYDROGENIC
18841640,PISN-STELLA_HYDROGENIC
139594031,PISN-STELLA_HYDROGENIC
71567600,PISN-STELLA_HYDROGENIC
121366570,PISN-STELLA_HYDROGENIC
131752798,PISN-STELLA_HYDROGENIC
98265501,PISN-STELLA_HYDROGENIC
31903070,PISN-STELLA_HYDROGENIC
149898691,PISN-STELLA_HYDROGENIC
80939159,PISN-STELLA_HYDROGENIC
53753589,PISN-STELLA_HYDROGENIC
144502598,PISN-STELLA_HYDROGENIC
115460347,PISN-STELLA_HYDROGENIC
131361915,PISN-STELLA_HYDROGENIC
71065252,PISN-STELLA_HYDROGENIC
60704504,PISN-STELLA_HYDROGENIC
130225194,PISN-STELLA_HYDROGENIC
40826559,PISN-STELLA_HYDROGENIC
123457480,PISN-STELLA_HYDROGENIC
39451113,PISN-STELLA_HYDROGENIC
33102815,PISN-STELLA_HYDROGENIC
15547105,PISN-STELLA_HYDROGENIC
99845861,PISN-STELLA_HYDROGENIC
9522299,PISN-STELLA_HYDROGENIC
24273852,PISN-STELLA_HYDROGENIC
106750619,PISN-STELLA_HYDROGENIC
150765653,PISN-STELLA_HYDROGENIC
27358080,PISN-STELLA_HYDROGENIC
93409431,PISN-STELLA_HYDROGENIC
83247350,PISN-STELLA_HYDROGENIC
6385087,PISN-STELLA_HYDROGENIC
91566860,PISN-STELLA_HYDROGENIC
37425882,PISN-STELLA_HYDROGENIC
92862849,PISN-STELLA_HYDROGENIC
22369452,PISN-STELLA_HYDROGENIC
117210364,PISN-STELLA_HYDROGENIC
41795007,PISN-STELLA_HYDROGENIC
13547342,PISN-STELLA_HYDROGENIC
132907093,PISN-STELLA_HYDROGENIC
110229842,PISN-STELLA_HYDROGENIC
43925418,PISN-STELLA_HYDROGENIC
93637333,PISN-STELLA_HYDROGENIC
76421457,PISN-STELLA_HYDROGENIC
76641899,PISN-STELLA_HYDROGENIC
12387237,PISN-STELLA_HYDROGENIC
148973605,PISN-STELLA_HYDROGENIC
55438098,PISN-STELLA_HYDROGENIC
152748422,PISN-STELLA_HYDROGENIC
19633417,PISN-STELLA_HYDROGENIC
26344109,PISN-STELLA_HYDROGENIC
63340784,PISN-STELLA_HYDROGENIC
53327145,PISN-STELLA_HYDROGENIC
41942062,PISN-STELLA_HYDROGENIC
20766633,PISN-STELLA_HYDROGENIC
61572168,PISN-STELLA_HYDROGENIC
113691744,PISN-STELLA_HYDROGENIC
81539939,PISN-STELLA_HYDROGENIC
127340044,PISN-STELLA_HYDROGENIC
147703094,PISN-STELLA_HYDROGENIC
43265685,PISN-STELLA_HYDROGENIC
119666700,PISN-MOSFIT
42915137,PISN-MOSFIT
35927276,PISN-MOSFIT
114441110,PISN-MOSFIT
114326311,PISN-MOSFIT
65522173,PISN-MOSFIT
135880344,PISN-MOSFIT
85696528,PISN-MOSFIT
26414342,PISN-MOSFIT
103854347,PISN-MOSFIT
75887297,PISN-MOSFIT
17436766,PISN-MOSFIT
59320808,PISN-MOSFIT
6481679,PISN-MOSFIT
85846551,PISN-MOSFIT
62051410,PISN-MOSFIT
96783043,PISN-MOSFIT
35001551,PISN-MOSFIT
61905295,PISN-MOSFIT
81660811,PISN-MOSFIT
124798274,PISN-MOSFIT
133967386,PISN-MOSFIT
53308671,PISN-MOSFIT
137745981,PISN-MOSFIT
89347271,PISN-MOSFIT
97102071,PISN-MOSFIT
37675367,PISN-MOSFIT
144523796,PISN-MOSFIT
80479634,PISN-MOSFIT
65286991,PISN-MOSFIT
74811636,PISN-MOSFIT
60927011,PISN-MOSFIT
44670309,PISN-MOSFIT
75080572,PISN-MOSFIT
6226355,PISN-MOSFIT
154928653,PISN-MOSFIT
6004884,PISN-MOSFIT
75809174,PISN-MOSFIT
108611329,PISN-MOSFIT
156343949,PISN-MOSFIT
76496849,PISN-MOSFIT
51092357,PISN-MOSFIT
146935170,PISN-MOSFIT
149640754,PISN-MOSFIT
82221952,PISN-MOSFIT
119575998,PISN-MOSFIT
132910314,PISN-MOSFIT
108863123,PISN-MOSFIT
72281180,PISN-MOSFIT
83182283,PISN-MOSFIT
78825639,PISN-MOSFIT
151921094,PISN-MOSFIT
141697168,PISN-MOSFIT
104845635,PISN-MOSFIT
141065109,PISN-MOSFIT
41306044,PISN-MOSFIT
61915386,PISN-MOSFIT
157799071,PISN-MOSFIT
64926128,PISN-MOSFIT
27731217,PISN-MOSFIT
38808254,PISN-MOSFIT
112522434,PISN-MOSFIT
24974838,PISN-MOSFIT
137643305,PISN-MOSFIT
156537800,PISN-MOSFIT
135473516,PISN-MOSFIT
123142728,PISN-MOSFIT
49740848,PISN-MOSFIT
109866057,PISN-MOSFIT
105571929,PISN-MOSFIT
122822308,PISN-MOSFIT
94560478,PISN-MOSFIT
46355425,uLens-Single_PyLIMA
145643398,uLens-Single_PyLIMA
131061449,uLens-Single_PyLIMA
114016520,uLens-Single_PyLIMA
155554661,uLens-Single_PyLIMA
15300263,uLens-Single_PyLIMA
119516210,uLens-Single_PyLIMA
126407983,uLens-Single_PyLIMA
109121606,uLens-Single_PyLIMA
87347586,uLens-Single_PyLIMA
8161358,uLens-Single_PyLIMA
128612830,uLens-Single_PyLIMA
62788397,uLens-Single_PyLIMA
69248329,uLens-Single_PyLIMA
47286964,uLens-Single_PyLIMA
85014607,uLens-Single_PyLIMA
73098080,uLens-Single_PyLIMA
60231076,uLens-Single_PyLIMA
119614136,uLens-Single_PyLIMA
96291504,uLens-Single_PyLIMA
122636777,uLens-Single_PyLIMA
24090475,uLens-Single_PyLIMA
8719534,uLens-Single_PyLIMA
2115416,uLens-Single_PyLIMA
23569929,uLens-Single_PyLIMA
99318243,uLens-Single_PyLIMA
54027029,uLens-Single_PyLIMA
113861575,uLens-Single_PyLIMA
23950234,uLens-Single_PyLIMA
147858038,uLens-Single_PyLIMA
131612086,uLens-Single_PyLIMA
137323380,uLens-Single_PyLIMA
75122116,uLens-Single_PyLIMA
117806124,uLens-Single_PyLIMA
147355117,uLens-Single_PyLIMA
41038309,uLens-Single_PyLIMA
41392982,uLens-Single_PyLIMA
117810447,uLens-Single_PyLIMA
54458740,uLens-Single_PyLIMA
64550424,uLens-Single_PyLIMA
136675652,uLens-Single_PyLIMA
128085996,uLens-Single_PyLIMA
30275730,uLens-Single_PyLIMA
81863855,uLens-Single_PyLIMA
146270421,uLens-Single_PyLIMA
85687258,uLens-Single_PyLIMA
133685776,uLens-Single_PyLIMA
6470020,uLens-Single_PyLIMA
51665369,uLens-Single_PyLIMA
19627074,uLens-Single_PyLIMA
159283360,uLens-Single_PyLIMA
31709103,uLens-Single_PyLIMA
65626195,uLens-Single_PyLIMA
72870673,uLens-Single_PyLIMA
151491421,uLens-Single_PyLIMA
118043588,uLens-Single_PyLIMA
155959559,uLens-Single_PyLIMA
90060013,uLens-Single_PyLIMA
57095008,uLens-Single_PyLIMA
157027068,uLens-Single_PyLIMA
25781063,uLens-Single_PyLIMA
137419897,uLens-Single_PyLIMA
2857614,uLens-Single_PyLIMA
23875724,uLens-Single_PyLIMA
154021176,uLens-Single_PyLIMA
33005365,uLens-Single_PyLIMA
116537901,uLens-Single_PyLIMA
112102365,uLens-Single_PyLIMA
103691212,uLens-Single_PyLIMA
91257916,uLens-Single_PyLIMA
43947136,uLens-Single_PyLIMA
109200371,uLens-Single_PyLIMA
60564638,uLens-Single_PyLIMA
27808825,uLens-Single_PyLIMA
8613953,uLens-Single_PyLIMA
49180486,uLens-Single_PyLIMA
147366843,uLens-Single_PyLIMA
91661691,uLens-Single_PyLIMA
121841161,uLens-Single_PyLIMA
52975474,uLens-Single_PyLIMA
119965050,uLens-Single_PyLIMA
76935254,uLens-Single_PyLIMA
123077177,uLens-Single_PyLIMA
74392091,uLens-Single_PyLIMA
149884602,uLens-Single_PyLIMA
105815570,uLens-Single_PyLIMA
61593822,TDE
134835901,TDE
2731637,TDE
83268995,TDE
90724408,TDE
18323354,TDE
10085079,TDE
121337214,TDE
44386345,TDE
60618049,TDE
89564530,TDE
133438493,TDE
138188835,TDE
60543889,TDE
159054627,TDE
121381868,TDE
118304438,TDE
79814480,TDE
139867293,TDE
82786751,TDE
31121405,TDE
125326801,TDE
65839670,TDE
96845591,TDE
125600673,TDE
88061078,TDE
15638215,TDE
125814743,TDE
31346833,TDE
100011490,TDE
79500146,TDE
132456956,TDE
27586325,TDE
145288410,TDE
156288217,TDE
155212801,TDE
65645548,TDE
14226427,TDE
20870717,SNIcBL+HostXT_V19
65199784,SNIcBL+HostXT_V19
34539384,SNIcBL+HostXT_V19
141064177,SNIcBL+HostXT_V19
141936106,SNIcBL+HostXT_V19
20712502,SNIcBL+HostXT_V19
26810159,SNIcBL+HostXT_V19
1638897,SNIcBL+HostXT_V19
87300902,SNIcBL+HostXT_V19
116713701,SNIcBL+HostXT_V19
17795735,SNIcBL+HostXT_V19
139767170,SNIcBL+HostXT_V19
149502807,SNIcBL+HostXT_V19
65979131,SNIcBL+HostXT_V19
109352599,SNIcBL+HostXT_V19
58709002,SNIcBL+HostXT_V19
85857913,SNIcBL+HostXT_V19
81504345,SNIcBL+HostXT_V19
69024865,SNIcBL+HostXT_V19
123361470,SNIcBL+HostXT_V19
56888325,SNIcBL+HostXT_V19
143331775,SNIcBL+HostXT_V19
123184990,SNIcBL+HostXT_V19
103891907,SNIcBL+HostXT_V19
2038943,SNIcBL+HostXT_V19
138607404,SNIcBL+HostXT_V19
58432794,SNIcBL+HostXT_V19
115377688,SNIcBL+HostXT_V19
131730809,SNIcBL+HostXT_V19
130096031,SNIcBL+HostXT_V19
30994389,SNIcBL+HostXT_V19
95602613,SNIcBL+HostXT_V19
70802503,SNIcBL+HostXT_V19
124581311,SNIcBL+HostXT_V19
96117058,SNIcBL+HostXT_V19
36966653,SNIcBL+HostXT_V19
105189962,SNIcBL+HostXT_V19
82021726,SNIcBL+HostXT_V19
107810944,SNIcBL+HostXT_V19
2526390,SNIcBL+HostXT_V19
97780691,SNIcBL+HostXT_V19
94567999,SNIcBL+HostXT_V19
23929174,SNIcBL+HostXT_V19
15475412,SNIcBL+HostXT_V19
77456106,SNIcBL+HostXT_V19
53670828,SNIcBL+HostXT_V19
27520197,SNIcBL+HostXT_V19
100660610,SNIcBL+HostXT_V19
118157742,SNIcBL+HostXT_V19
10726950,SNIcBL+HostXT_V19
146301511,KN_B19
17630209,KN_B19
145598433,KN_B19
75011483,KN_B19
3578288,uLens-Binary
3356391,uLens-Binary
61700504,uLens-Binary
146487528,uLens-Binary
140638612,uLens-Binary
130856035,uLens-Binary
31081910,uLens-Binary
136248351,uLens-Binary
128046732,uLens-Binary
88210030,uLens-Binary
111449360,uLens-Binary
91943677,uLens-Binary
134361913,uLens-Binary
142715537,uLens-Binary
69034398,uLens-Binary
92602544,uLens-Binary
139798557,uLens-Binary
96991573,uLens-Binary
62415716,uLens-Binary
94722771,uLens-Binary
119783858,uLens-Binary
21412784,uLens-Binary
153408063,uLens-Binary
85514101,uLens-Binary
11646613,uLens-Binary
117680937,uLens-Binary
47869240,uLens-Binary
123226657,uLens-Binary
80049058,uLens-Binary
21657746,uLens-Binary
93009867,uLens-Binary
94979470,uLens-Binary
87043810,uLens-Binary
39766486,uLens-Binary
67159085,uLens-Binary
62830240,uLens-Binary
103344580,uLens-Binary
152565269,uLens-Binary
78345350,uLens-Binary
40579745,uLens-Binary
52601916,uLens-Binary
44274345,uLens-Binary
142358721,uLens-Binary
24481266,uLens-Binary
35843084,uLens-Binary
91541560,uLens-Binary
114542047,uLens-Binary
39445658,uLens-Binary
151933301,uLens-Binary
124739501,uLens-Binary
101369101,uLens-Binary
152754281,uLens-Binary
126129508,uLens-Binary
55815156,uLens-Binary
50439434,uLens-Binary
16857473,uLens-Binary
23861567,uLens-Binary
98105981,uLens-Binary
97226417,uLens-Binary
121878285,uLens-Binary
148553141,uLens-Binary
89685130,uLens-Binary
143631148,uLens-Binary
50451231,uLens-Binary
40754187,uLens-Binary
18677570,uLens-Binary
74118423,uLens-Binary
157674189,uLens-Binary
22387988,uLens-Binary
151801903,uLens-Binary
91236042,uLens-Binary
75177184,uLens-Binary
132679574,uLens-Binary
6937957,uLens-Binary
119264912,uLens-Binary
32534084,uLens-Binary
126603359,uLens-Binary
135593925,uLens-Binary
114623838,uLens-Binary
11440362,SL-SNII
19452966,SL-SNII
132524525,SL-SNII
67339466,SL-SNII
111800967,SL-SNII
40736960,SL-SNII
53246911,SL-SNII
138080615,SL-SNII
96284176,SL-SNII
131981332,SL-SNII
2081497,SL-SNII
55830761,SL-SNII
148900635,SL-SNII
61842348,SL-SNII
28086181,SL-SNII
154663477,SL-SNII
139133506,SNIc-Templates
76558149,SNIc-Templates
26292360,SNIc-Templates
151822577,SNIc-Templates
147038707,SNIc-Templates
39376367,SNIc-Templates
125522061,SNIc-Templates
46144425,SNIc-Templates
63134268,SNIc-Templates
86102754,SNIc-Templates
156688106,SNIc-Templates
122525655,SNIc-Templates
103912381,SNIc-Templates
35186368,SNIc-Templates
159167203,SNIc-Templates
121596070,SNIc-Templates
1059862,SNIc-Templates
2405016,SNIc-Templates
134707886,SNIc-Templates
140617573,SNIc-Templates
144757218,SNIc-Templates
87485516,SNIc-Templates
50188792,SNIc-Templates
13029069,SNIc-Templates
53556865,SNIc-Templates
103707250,SNIc-Templates
26447187,SNIc-Templates
61112742,SNIc-Templates
1154632,SNIc-Templates
156990044,SNIc-Templates
92934800,SNIc-Templates
154799915,SNIc-Templates
5092751,SNIc-Templates
19974464,SNIc-Templates
112247948,SNIc-Templates
42257025,SNIc-Templates
42100770,SNIc-Templates
105270924,SNIc-Templates
19953924,SNIc-Templates
153816670,SNIc-Templates
103674830,SNIc-Templates
95525361,SNIc-Templates
103674839,SNIc-Templates
125989288,SNIc-Templates
149698444,SNIc-Templates
17787162,SNIc-Templates
110982756,SNIc-Templates
151105987,SNIc-Templates
154477528,SNIc-Templates
155747534,SNIc-Templates
1291859,SNIc-Templates
82780371,SNIc-Templates
47302521,SLSN-I+host
117074723,SLSN-I+host
69064453,SLSN-I+host
22190167,SLSN-I+host
78113314,SLSN-I+host
75357484,SLSN-I+host
67032141,SLSN-I+host
36010337,SLSN-I+host
140970298,SLSN-I+host
137056864,SLSN-I+host
20147683,SLSN-I+host
127824667,SLSN-I+host
158714735,SLSN-I+host
43628213,SLSN-I+host
95189967,SLSN-I+host
93080393,SLSN-I+host
69298829,SLSN-I+host
125117253,SLSN-I+host
35141466,SLSN-I+host
31559714,SLSN-I+host
44068209,SLSN-I+host
19434652,SLSN-I+host
49810076,SLSN-I+host
74202276,SLSN-I+host
98734597,SLSN-I+host
99948130,SLSN-I+host
129246421,SLSN-I+host
60084184,SLSN-I+host
69254200,SLSN-I+host
90080901,SLSN-I+host
74008745,SLSN-I+host
99118807,SLSN-I+host
4382501,SLSN-I+host
154519334,SLSN-I+host
55911611,SLSN-I+host
149693258,SLSN-I+host
66197963,SLSN-I+host
154013691,SLSN-I+host
115292684,SLSN-I+host
146727680,SLSN-I+host
92518593,SLSN-I+host
22209159,SLSN-I+host
9451077,SLSN-I+host
41265926,SLSN-I+host
7029251,SLSN-I+host
116522577,SLSN-I+host
10524337,SLSN-I+host
112180941,SLSN-I+host
102517116,SLSN-I+host
37199471,SLSN-I+host
46939077,SLSN-I+host
107794482,SLSN-I+host
75990840,SLSN-I+host
31669964,SLSN-I+host
131477402,SLSN-I+host
147673927,SLSN-I+host
1209407,SLSN-I+host
87238899,SLSN-I+host
149748858,SLSN-I+host
81836615,SLSN-I+host
76480666,SLSN-I+host
49466016,SLSN-I+host
133278887,SLSN-I+host
122565768,SLSN-I+host
34106983,SLSN-I+host
18020461,SLSN-I+host
116146986,SLSN-I+host
128278249,SLSN-I+host
86967026,SLSN-I+host
121562198,SLSN-I+host
158453208,SLSN-I+host
86013692,SLSN-I+host
88729363,SLSN-I+host
20266067,SLSN-I+host
2478999,SNIa-SALT3
2218960,SNIa-SALT3
5181140,SNIa-SALT3
5629123,SNIa-SALT3
1307490,SNIa-SALT3
2898195,SNIa-SALT3
5127450,SNIa-SALT3
2096840,SNIa-SALT3
2546743,SNIa-SALT3
1970693,SNIa-SALT3
5186747,SNIa-SALT3
4519559,SNIa-SALT3
1466423,SNIa-SALT3
2485368,SNIa-SALT3
2496643,SNIa-SALT3
3976911,SNIa-SALT3
5464605,SNIa-SALT3
5253409,SNIa-SALT3
2503363,SNIa-SALT3
3588140,SNIa-SALT3
4739146,SNIa-SALT3
1087195,SNIa-SALT3
4724826,SNIa-SALT3
1519974,SNIa-SALT3
1659827,SNIa-SALT3
1840458,SNIa-SALT3
1814640,SNIa-SALT3
2395097,SNIa-SALT3
2345960,SNIa-SALT3
2976222,SNIa-SALT3
5037406,SNIa-SALT3
4684862,SNIa-SALT3
3764105,SNIa-SALT3
3436308,SNIa-SALT3
4195689,SNIa-SALT3
5060487,SNIa-SALT3
5320631,SNIa-SALT3
4122899,SNIa-SALT3
4911666,SNIa-SALT3
4273252,SNIa-SALT3
3840265,SNIa-SALT3
4265640,SNIa-SALT3
1754694,SNIa-SALT3
5131639,SNIa-SALT3
2720366,SNIa-SALT3
2026022,SNIa-SALT3
2254649,SNIa-SALT3
2917412,SNIa-SALT3
4603499,SNIa-SALT3
2447279,SNIa-SALT3
2749089,SNIa-SALT3
4334875,SNIa-SALT3
1700291,SNIa-SALT3
3918392,SNIa-SALT3
4480010,SNIa-SALT3
2426672,SNIa-SALT3
3599461,SNIa-SALT3
3090003,SNIa-SALT3
4675174,SNIa-SALT3
119549640,SNIb-Templates
114395332,SNIb-Templates
148294762,SNIb-Templates
151412168,SNIb-Templates
100685129,SNIb-Templates
153561636,SNIb-Templates
135853273,SNIb-Templates
82224266,SNIb-Templates
73835333,SNIb-Templates
20610118,SNIb-Templates
54415526,SNIb-Templates
63013881,SNIb-Templates
122413785,SNIb-Templates
102130501,SNIb-Templates
158583742,SNIb-Templates
107177143,SNIb-Templates
134987463,SNIb-Templates
55993665,SNIb-Templates
80739538,SNIb-Templates
111937432,SNIb-Templates
109448257,SNIb-Templates
107896986,SNIb-Templates
68639431,SNIb-Templates
13044037,SNIb-Templates
150320460,SNIb-Templates
76421293,SNIb-Templates
93301495,SNIb-Templates
81435637,SNIb-Templates
108418119,SNIb-Templates
6260600,SNIb-Templates
4843018,SNIb-Templates
158739190,SNIb-Templates
84574312,SNIb-Templates
34537451,SNIb-Templates
117376013,SNIb-Templates
106502142,SNIb-Templates
124923297,SNIb-Templates
103436653,SNIb-Templates
124624309,SNIb-Templates
28294382,SNIb-Templates
47205417,SNIb-Templates
1803378,SNIb-Templates
43435656,SNIb-Templates
138498535,SNIb-Templates
63937694,SNIb-Templates
131861302,SNIb-Templates
112054241,SNIb-Templates
94952423,SNIb-Templates
37850582,SNIb-Templates
9294085,SNII+HostXT_V19
6526088,SNII+HostXT_V19
1065230,SNII+HostXT_V19
1684853,SNII+HostXT_V19
9013798,SNII+HostXT_V19
11251045,SNII+HostXT_V19
9959091,SNII+HostXT_V19
4988771,SNII+HostXT_V19
8509900,SNII+HostXT_V19
4100308,SNII+HostXT_V19
4656924,SNII+HostXT_V19
9658329,SNII+HostXT_V19
12109623,SNII+HostXT_V19
4345962,SNII+HostXT_V19
3765957,SNII+HostXT_V19
11376169,SNII+HostXT_V19
10429723,SNII+HostXT_V19
1157760,SNII+HostXT_V19
10531171,SNII+HostXT_V19
7274420,SNII+HostXT_V19
7959979,SNII+HostXT_V19
9706571,SNII+HostXT_V19
1451573,SNII+HostXT_V19
4541663,SNII+HostXT_V19
6250938,SNII+HostXT_V19
11419772,SNII+HostXT_V19
2748773,SNII+HostXT_V19
9648691,SNII+HostXT_V19
8353214,SNII+HostXT_V19
10156310,SNII+HostXT_V19
5864404,SNII+HostXT_V19
3317460,SNII+HostXT_V19
5782337,SNII+HostXT_V19
11960497,SNII+HostXT_V19
5686877,SNII+HostXT_V19
8560454,SNII+HostXT_V19
6407060,SNII+HostXT_V19
2549556,SNII+HostXT_V19
7072540,SNII+HostXT_V19
3519503,SNII+HostXT_V19
97901466,SNIa-91bg
13851704,SNIa-91bg
125090764,SNIa-91bg
7047250,SNIa-91bg
21453330,SNIa-91bg
122522396,SNIa-91bg
9190612,SNIa-91bg
106072035,SNIa-91bg
15420657,SNIa-91bg
88253880,SNIa-91bg
94798120,SNIa-91bg
50054492,SNIa-91bg
17920701,SNIa-91bg
51615962,SNIa-91bg
27693215,SNIa-91bg
132632865,SNIa-91bg
137543498,SNIa-91bg
155282263,SNIa-91bg
156435759,SNIa-91bg
100422496,SNIa-91bg
108911494,SNIa-91bg
84491746,SNIa-91bg
42077158,SNIa-91bg
45046911,SNIa-91bg
116725101,SNIa-91bg
103313063,SNIa-91bg
10263760,SNIa-91bg
74711351,SNIa-91bg
21530642,SNIa-91bg
141613766,SNIa-91bg
93891521,SNIa-91bg
95413632,SNIa-91bg
86938553,SNIa-91bg
115584244,SNIa-91bg
61162031,SNIa-91bg
35139901,SNIa-91bg
25838723,SNIa-91bg
29144940,SNIa-91bg
6799214,SNIa-91bg
66559738,SNIa-91bg
95662156,SNIa-91bg
127690103,SNIa-91bg
141984680,SNIa-91bg
83703188,SNIa-91bg
111527360,SNIa-91bg
152766696,SNIa-91bg
32906968,SNIa-91bg
37230844,SNIa-91bg
80593668,SNIa-91bg
151764145,SNIa-91bg
136640720,SNIa-91bg
26832218,SL-SNIb
31598621,SL-SNIb
98269028,SL-SNIb
25952159,Mdwarf-flare
10208601,Mdwarf-flare
102731236,Mdwarf-flare
102636224,Mdwarf-flare
108570948,Mdwarf-flare
97263148,Mdwarf-flare
33315584,Mdwarf-flare
128394618,Mdwarf-flare
124806288,ILOT
45776592,ILOT
125763964,ILOT
157600062,ILOT
153500886,ILOT
43520093,ILOT
55819558,ILOT
80691982,ILOT
117577563,ILOT
19670029,ILOT
126929395,ILOT
92846857,ILOT
87887039,ILOT
125856212,ILOT
136138876,ILOT
140944339,ILOT
132935401,ILOT
148351154,ILOT
141445943,ILOT
125324437,ILOT
158894393,ILOT
41224875,ILOT
19884034,ILOT
25904999,ILOT
73651604,ILOT
99963001,ILOT
13169968,ILOT
2619236,ILOT
64896544,ILOT
19034767,ILOT
52240579,ILOT
46515168,ILOT
130845874,ILOT
104426487,ILOT
36723501,ILOT
98413602,ILOT
93476588,ILOT
120720640,ILOT
106037509,ILOT
16866874,ILOT
60976443,ILOT
40739829,ILOT
99331924,ILOT
40409460,ILOT
24381078,ILOT
49247040,ILOT
114235397,ILOT
38652536,ILOT
116716546,ILOT
17202308,ILOT
91864848,ILOT
132247236,ILOT
93684013,ILOT
77993832,ILOT
92484862,ILOT
37979554,ILOT
152962849,ILOT
48384935,ILOT
21866389,ILOT
61922762,ILOT
147674641,ILOT
158868764,ILOT
10111442,ILOT
153558396,KN_K17
10771496,KN_K17
22232400,KN_K17
127074916,KN_K17
104379548,KN_K17
136428750,KN_K17
18774334,CART
42141716,CART
130605394,CART
57339038,CART
48049755,CART
52684378,CART
103340986,CART
122880300,CART
88323098,CART
89546341,CART
93308114,CART
84631625,CART
7895159,CART
144446227,CART
79249840,CART
104855343,CART
82598810,CART
114397317,CART
36318462,CART
69003858,CART
121745266,CART
142775913,CART
28883284,CART
45483780,CART
1404884,CART
126833962,CART
144349829,CART
52740885,CART
8467968,CART
130297294,CART
99864745,CART
125709514,CART
28059304,CART
99968576,CART
116058924,CART
77857415,CART
102072433,CART
54317584,CART
120231379,CART
38443763,CART
40168245,CART
132046136,CART
113407136,CART
93726391,CART
157915109,CART
41654923,CART
10168172,SNIIb+HostXT_V19
26586488,SNIIb+HostXT_V19
52973230,SNIIb+HostXT_V19
30443754,SNIIb+HostXT_V19
55820621,SNIIb+HostXT_V19
50983069,SNIIb+HostXT_V19
5042185,SNIIb+HostXT_V19
2535529,SNIIb+HostXT_V19
31209192,SNIIb+HostXT_V19
5674401,SNIIb+HostXT_V19
28673521,SNIIb+HostXT_V19
18937182,SNIIb+HostXT_V19
7281280,SNIIb+HostXT_V19
39799305,SNIIb+HostXT_V19
42053298,SNIIb+HostXT_V19
33580358,SNIIb+HostXT_V19
34809338,SNIIb+HostXT_V19
34780166,SNIIb+HostXT_V19
42489535,SNIIb+HostXT_V19
36948586,SNIIb+HostXT_V19
33238115,SNIIb+HostXT_V19
3617429,SNIIb+HostXT_V19
45011385,SNIIb+HostXT_V19
21810979,SNIIb+HostXT_V19
30433965,SNIIb+HostXT_V19
44993783,SNIIb+HostXT_V19
3933451,SNIIb+HostXT_V19
50196256,SNIIb+HostXT_V19
57615363,SNIIb+HostXT_V19
42549403,SNIIb+HostXT_V19
32896461,SNIIb+HostXT_V19
23617595,SNIIb+HostXT_V19
28263156,SNIIb+HostXT_V19
40397785,SNIIb+HostXT_V19
8089213,SNIIb+HostXT_V19
56160256,SNIIb+HostXT_V19
17539365,SNIIb+HostXT_V19
5941649,SNIIb+HostXT_V19
1215556,SNIIb+HostXT_V19
26365566,SNIIb+HostXT_V19
49423790,SNIIb+HostXT_V19
55840760,SNIIb+HostXT_V19
52859993,SNIIb+HostXT_V19
12272408,SNIIb+HostXT_V19
7212719,SNIIb+HostXT_V19
37067402,SNIIb+HostXT_V19
43190269,SNIIb+HostXT_V19
16079020,SNIIb+HostXT_V19
51352130,SNIIb+HostXT_V19
43541125,SNIIb+HostXT_V19
19940517,SNIb+HostXT_V19
16749244,SNIb+HostXT_V19
47035944,SNIb+HostXT_V19
54756911,SNIb+HostXT_V19
19853542,SNIb+HostXT_V19
34593245,SNIb+HostXT_V19
16216594,SNIb+HostXT_V19
25270002,SNIb+HostXT_V19
16039386,SNIb+HostXT_V19
7881357,SNIb+HostXT_V19
22080273,SNIb+HostXT_V19
24427617,SNIb+HostXT_V19
53947302,SNIb+HostXT_V19
24522747,SNIb+HostXT_V19
43402370,SNIb+HostXT_V19
1881623,SNIb+HostXT_V19
17517734,SNIb+HostXT_V19
34879246,SNIb+HostXT_V19
42684095,SNIb+HostXT_V19
32920390,SNIb+HostXT_V19
10459004,SNIb+HostXT_V19
23640458,SNIb+HostXT_V19
32180488,SNIb+HostXT_V19
24152649,SNIb+HostXT_V19
54852576,SNIb+HostXT_V19
52023271,SNIb+HostXT_V19
10988514,SNIb+HostXT_V19
39337551,SNIb+HostXT_V19
21820469,SNIb+HostXT_V19
30744546,SNIb+HostXT_V19
2063215,SNIb+HostXT_V19
43823538,SNIb+HostXT_V19
54942673,SNIb+HostXT_V19
48141498,SNIb+HostXT_V19
24636296,SNIb+HostXT_V19
15419203,SNIb+HostXT_V19
9278024,SNIb+HostXT_V19
14489310,SNIb+HostXT_V19
46102846,SNIb+HostXT_V19
42603514,SNIb+HostXT_V19
47616107,SNIb+HostXT_V19
25179842,SNIb+HostXT_V19
1746787,SNIb+HostXT_V19
50783996,SNIb+HostXT_V19
36449390,SNIb+HostXT_V19
31921967,SNIb+HostXT_V19
4252180,SNIb+HostXT_V19
36693991,SNIb+HostXT_V19
13506889,SNIb+HostXT_V19
2601232,SNIb+HostXT_V19
13676754,SNIb+HostXT_V19
19705613,SNIb+HostXT_V19
56590948,SNIb+HostXT_V19
25900946,SNIb+HostXT_V19
27622576,SNIb+HostXT_V19
2941031,SNIb+HostXT_V19
23447594,SNIb+HostXT_V19
33272361,SNIb+HostXT_V19
2361288,SNIb+HostXT_V19
48499298,SNIb+HostXT_V19
51901862,SL-SN1a
44571082,SL-SN1a
97581303,SL-SN1a
97319187,SL-SN1a
16768849,SL-SN1a
128873712,SL-SN1a
119917556,SL-SN1a
144398218,SL-SN1a
141807947,SL-SN1a
2612942,SL-SN1a
22936696,SL-SN1a
101596967,SL-SN1a
72194202,SL-SN1a
136636810,SL-SN1a
88841752,SL-SN1a
11031416,SNII-NMF
22899100,SNII-NMF
16300504,SNII-NMF
13550648,SNII-NMF
15859227,SNII-NMF
5601313,SNII-NMF
3359148,SNII-NMF
14270734,SNII-NMF
11090694,SNII-NMF
8822424,SNII-NMF
22213104,SNII-NMF
6761457,SNII-NMF
23950916,SNII-NMF
21915455,SNII-NMF
11966042,SNII-NMF
14961080,SNII-NMF
16535611,SNII-NMF
17162778,SNII-NMF
1165074,SNII-NMF
19469929,SNIIn+HostXT_V19
16144756,SNIIn+HostXT_V19
15371390,SNIIn+HostXT_V19
18885420,SNIIn+HostXT_V19
14038727,SNIIn+HostXT_V19
11266717,SNIIn+HostXT_V19
20790483,SNIIn+HostXT_V19
18644402,SNIIn+HostXT_V19
16072480,SNIIn+HostXT_V19
6199510,SNIIn+HostXT_V19
13799391,SNIIn+HostXT_V19
11783970,SNIIn+HostXT_V19
9460895,SNIIn+HostXT_V19
5178331,SNIIn+HostXT_V19
6811822,SNIIn+HostXT_V19
4356843,SNIIn+HostXT_V19
10840272,SNIIn+HostXT_V19
15832726,SNIIn+HostXT_V19
5094656,SNIIn+HostXT_V19
18578146,SNIIn+HostXT_V19
8735923,SNIIn+HostXT_V19
22782864,SNIIn+HostXT_V19
10640692,SNIIn+HostXT_V19
13330226,SNIIn+HostXT_V19
2639515,SNIIn+HostXT_V19
8096122,SNIIn+HostXT_V19
21767108,SNIIn+HostXT_V19
10647723,SNIIn+HostXT_V19
1249227,SNIIn+HostXT_V19
16738750,SNIIn+HostXT_V19
15518260,SNIIn+HostXT_V19
8257481,SNIIn+HostXT_V19
20362594,SNIIn+HostXT_V19
18922523,SNIIn+HostXT_V19
23931123,SNIIn+HostXT_V19
7801513,SNIIn+HostXT_V19
2071194,SNIIn+HostXT_V19
2644109,SNIIn+HostXT_V19
4473320,SNIIn+HostXT_V19
15973644,SNIIn+HostXT_V19
3299133,SNIIn+HostXT_V19
15193452,SNIIn+HostXT_V19
13521657,SNIIn+HostXT_V19
3838085,SNIIn+HostXT_V19
23899763,SNIIn+HostXT_V19
14573985,SNIIn+HostXT_V19
11250884,SNIIn+HostXT_V19
12492405,SNIIn+HostXT_V19
8540800,SNIIn+HostXT_V19
13159184,SNIIn+HostXT_V19
10901489,SNIIn+HostXT_V19
4365843,SNII-Templates
47716292,SNII-Templates
13514553,SNII-Templates
1700969,SNII-Templates
44262436,SNII-Templates
35706497,SNII-Templates
41513411,SNII-Templates
15449868,SNII-Templates
13902421,SNII-Templates
27422849,SNII-Templates
40835208,SNII-Templates
40761745,SNII-Templates
20327431,SNII-Templates
52349045,SNII-Templates
12517169,SNII-Templates
10285253,SNII-Templates
28453142,SNII-Templates
1361455,SNII-Templates
29541456,SNII-Templates
49147728,SNII-Templates
24570452,SNII-Templates
41482404,SNII-Templates
37691298,SNII-Templates
35023950,SNII-Templates
17657145,SNII-Templates
1907179,SNII-Templates
7066852,SNII-Templates
27104961,SNII-Templates
50571057,SNII-Templates
45073977,SNII-Templates
18412744,SNII-Templates
40935479,SNII-Templates
45305809,SNII-Templates
5958327,SNII-Templates
5200771,SNII-Templates
17639720,SNII-Templates
25256568,SNII-Templates
51313660,SNII-Templates
20496916,SNII-Templates
35163342,SNII-Templates
36097858,SNII-Templates
49081800,SNII-Templates
33011528,SNII-Templates
44946194,SNII-Templates
21667776,SNII-Templates
25891047,SNII-Templates
10739751,SNIc+HostXT_V19
47386056,SNIc+HostXT_V19
3900420,SNIc+HostXT_V19
33113564,SNIc+HostXT_V19
8289295,SNIc+HostXT_V19
4830975,SNIc+HostXT_V19
42584580,SNIc+HostXT_V19
38109834,SNIc+HostXT_V19
2677657,SNIc+HostXT_V19
29016838,SNIc+HostXT_V19
11535116,SNIc+HostXT_V19
56275361,SNIc+HostXT_V19
54409813,SNIc+HostXT_V19
8597196,SNIc+HostXT_V19
54366375,SNIc+HostXT_V19
42531113,SNIc+HostXT_V19
36022422,SNIc+HostXT_V19
6357318,SNIc+HostXT_V19
29268910,SNIc+HostXT_V19
20508868,SNIc+HostXT_V19
5340903,SNIc+HostXT_V19
7707551,SNIc+HostXT_V19
44341302,SNIc+HostXT_V19
26660149,SNIc+HostXT_V19
26585006,SNIc+HostXT_V19
57642483,SNIc+HostXT_V19
46673258,SNIc+HostXT_V19
54985573,SNIc+HostXT_V19
57670038,SNIc+HostXT_V19
2840243,SNIc+HostXT_V19
37178798,SNIc+HostXT_V19
61445228,SNIc+HostXT_V19
47782322,SNIc+HostXT_V19
54871137,SNIc+HostXT_V19
62073175,SNIc+HostXT_V19
47327106,SNIc+HostXT_V19
51404408,SNIc+HostXT_V19
35406572,SNIc+HostXT_V19
7616583,SNIc+HostXT_V19
5031421,SNIc+HostXT_V19
41879989,SNIc+HostXT_V19
52577738,SNIc+HostXT_V19
56584253,SNIc+HostXT_V19
38220662,SNIc+HostXT_V19
21013871,SNIc+HostXT_V19
41258863,SNIc+HostXT_V19
8652759,SNIc+HostXT_V19
29571777,SNIc+HostXT_V19
17377793,SNIc+HostXT_V19
1663829,SNIc+HostXT_V19
61121478,SNIc+HostXT_V19
17243550,SNIc+HostXT_V19
11391556,SNIc+HostXT_V19
112110580,SNIax
108349580,SNIax
6354419,SNIax
125390048,SNIax
61167734,SNIax
111998011,SNIax
89028198,SNIax
129892533,SNIax
138693316,SNIax
119767606,SNIax
77539051,SNIax
132207801,SNIax
123758156,SNIax
82872928,SNIax
143979548,SNIax
23965173,SNIax
105456319,SNIax
113183752,SNIax
64779197,SNIax
3542957,SNIax
24893396,SNIax
20133721,SNIax
58360564,SNIax
44791080,SNIax
90015371,SNIax
144809126,SNIax
108118923,SNIax
142215703,SNIax
96533975,SNIax
116666463,SNIax
42428727,SNIax
101411582,SNIax
119871737,SNIax
74819589,SNIax
103067190,SNIax
14650587,SNIax
133370491,SNIax
154058112,SNIax
99371805,SNIax
111401854,SNIax
120834857,SNIax
103465829,SNIax
15018976,SNIax
48042457,SNIax
95141618,SNIax
3552700,SNIax
116494036,SNIax
39858372,SNIax
117431439,SNIax
5361112,SNIax
34251063,SNIax
56308848,SNIIn-MOSFIT
3553314,SNIIn-MOSFIT
67162591,SNIIn-MOSFIT
7913039,SNIIn-MOSFIT
62361044,SNIIn-MOSFIT
48222670,SNIIn-MOSFIT
111798425,SNIIn-MOSFIT
151740962,SNIIn-MOSFIT
25086381,SNIIn-MOSFIT
152144318,SNIIn-MOSFIT
23648369,SNIIn-MOSFIT
119409235,SNIIn-MOSFIT
117947745,SNIIn-MOSFIT
89456768,SNIIn-MOSFIT
101536768,SNIIn-MOSFIT
87581471,SNIIn-MOSFIT
3706068,SNIIn-MOSFIT
56755101,SNIIn-MOSFIT
78643877,SNIIn-MOSFIT
40668458,SNIIn-MOSFIT
128408218,SNIIn-MOSFIT
110439293,SNIIn-MOSFIT
47889466,SNIIn-MOSFIT
131882428,SNIIn-MOSFIT
60661407,SNIIn-MOSFIT
93364983,SNIIn-MOSFIT
126848386,SNIIn-MOSFIT
118988439,SNIIn-MOSFIT
82954988,SNIIn-MOSFIT
98182801,SNIIn-MOSFIT
58287001,SNIIn-MOSFIT
141571439,SNIIn-MOSFIT
38892029,SNIIn-MOSFIT
136612307,SNIIn-MOSFIT
119089571,SNIIn-MOSFIT
18965757,SNIIn-MOSFIT
98813119,SNIIn-MOSFIT
159399909,SNIIn-MOSFIT
111518733,SNIIn-MOSFIT
32185024,SNIIn-MOSFIT
143328521,SNIIn-MOSFIT
136976816,SNIIn-MOSFIT
107750241,SNIIn-MOSFIT
107524269,SNIIn-MOSFIT
134786186,SNIIn-MOSFIT
12642290,SNIIn-MOSFIT
78235809,SNIIn-MOSFIT
69843789,SNIIn-MOSFIT
126223208,SNIIn-MOSFIT
126117116,SNIIn-MOSFIT
42801521,uLens-Single-GenLens
16245717,uLens-Single-GenLens
90170845,uLens-Single-GenLens
33133103,uLens-Single-GenLens
75224484,uLens-Single-GenLens
122144358,uLens-Single-GenLens
48105053,uLens-Single-GenLens
118315745,uLens-Single-GenLens
104034023,uLens-Single-GenLens
100612448,uLens-Single-GenLens
114522598,uLens-Single-GenLens
41154090,uLens-Single-GenLens
137860212,uLens-Single-GenLens
95668995,uLens-Single-GenLens
99058695,uLens-Single-GenLens
158058545,uLens-Single-GenLens
141454850,uLens-Single-GenLens
61074137,uLens-Single-GenLens
126966120,uLens-Single-GenLens
145569095,uLens-Single-GenLens
90503063,uLens-Single-GenLens
131201134,uLens-Single-GenLens
58339271,uLens-Single-GenLens
81168807,uLens-Single-GenLens
136215956,uLens-Single-GenLens
7702501,uLens-Single-GenLens
35954610,uLens-Single-GenLens
97054056,uLens-Single-GenLens
62967015,uLens-Single-GenLens
103741749,uLens-Single-GenLens
61950631,uLens-Single-GenLens
128004161,uLens-Single-GenLens
54106072,uLens-Single-GenLens
14172909,uLens-Single-GenLens
14972921,uLens-Single-GenLens
90804756,uLens-Single-GenLens
94147952,uLens-Single-GenLens
73312461,uLens-Single-GenLens
151011490,uLens-Single-GenLens
139766591,uLens-Single-GenLens
47014088,uLens-Single-GenLens
37165716,uLens-Single-GenLens
43894181,uLens-Single-GenLens
20560377,uLens-Single-GenLens
124015623,uLens-Single-GenLens
145240561,uLens-Single-GenLens
1316172,uLens-Single-GenLens
129436387,uLens-Single-GenLens
120134168,uLens-Single-GenLens
112417271,uLens-Single-GenLens
131572769,uLens-Single-GenLens
26506686,uLens-Single-GenLens
32779187,uLens-Single-GenLens
131751901,uLens-Single-GenLens
68858419,uLens-Single-GenLens
132288802,uLens-Single-GenLens
38999068,uLens-Single-GenLens
62576166,uLens-Single-GenLens
75764998,uLens-Single-GenLens
104533798,uLens-Single-GenLens
137609423,uLens-Single-GenLens
45077388,uLens-Single-GenLens
92369752,uLens-Single-GenLens
118676899,uLens-Single-GenLens
69756232,uLens-Single-GenLens
70617589,uLens-Single-GenLens
69444428,uLens-Single-GenLens
135561902,uLens-Single-GenLens
147498910,uLens-Single-GenLens
158454179,uLens-Single-GenLens
58558551,uLens-Single-GenLens
4455076,uLens-Single-GenLens
79015338,uLens-Single-GenLens
8058270,uLens-Single-GenLens
130800168,uLens-Single-GenLens
57451780,uLens-Single-GenLens
2700183,uLens-Single-GenLens
56875581,PISN-STELLA_HECORE
17716448,PISN-STELLA_HECORE
131959868,PISN-STELLA_HECORE
104529610,PISN-STELLA_HECORE
28520988,PISN-STELLA_HECORE
38108373,PISN-STELLA_HECORE
114855409,PISN-STELLA_HECORE
77081180,PISN-STELLA_HECORE
7350334,PISN-STELLA_HECORE
91170406,PISN-STELLA_HECORE
68010674,PISN-STELLA_HECORE
84011862,PISN-STELLA_HECORE
85300185,PISN-STELLA_HECORE
134132308,PISN-STELLA_HECORE
48113792,PISN-STELLA_HECORE
71950379,PISN-STELLA_HECORE
1546028,PISN-STELLA_HECORE
129295548,PISN-STELLA_HECORE
146178484,PISN-STELLA_HECORE
124417332,PISN-STELLA_HECORE
83770738,PISN-STELLA_HECORE
86195207,PISN-STELLA_HECORE
2866983,PISN-STELLA_HECORE
4898156,PISN-STELLA_HECORE
53410089,PISN-STELLA_HECORE
54406320,PISN-STELLA_HECORE
81580817,PISN-STELLA_HECORE
3503754,PISN-STELLA_HECORE
93300948,PISN-STELLA_HECORE
133790653,PISN-STELLA_HECORE
114081426,PISN-STELLA_HECORE
24797302,PISN-STELLA_HECORE
12694043,PISN-STELLA_HECORE
75114318,PISN-STELLA_HECORE
58401826,PISN-STELLA_HECORE
66420147,PISN-STELLA_HECORE
55189357,PISN-STELLA_HECORE
67543007,PISN-STELLA_HECORE
11774356,PISN-STELLA_HECORE
30116230,PISN-STELLA_HECORE
143334140,PISN-STELLA_HECORE
79684020,PISN-STELLA_HECORE
155951249,PISN-STELLA_HECORE
22701873,PISN-STELLA_HECORE
142682678,PISN-STELLA_HECORE
45441766,PISN-STELLA_HECORE
4014527,PISN-STELLA_HECORE
85710653,PISN-STELLA_HECORE
52830626,PISN-STELLA_HECORE
32032756,PISN-STELLA_HECORE
17192432,PISN-STELLA_HECORE
41668598,PISN-STELLA_HECORE
66781739,PISN-STELLA_HECORE
92628001,PISN-STELLA_HECORE
61636519,PISN-STELLA_HECORE
3151448,PISN-STELLA_HECORE
42868636,PISN-STELLA_HECORE
123891239,PISN-STELLA_HECORE
157803012,PISN-STELLA_HECORE
8817230,PISN-STELLA_HECORE
11033128,PISN-STELLA_HECORE
63464894,PISN-STELLA_HECORE
31709999,PISN-STELLA_HECORE
38513582,PISN-STELLA_HECORE
63261251,AGN
3707876,AGN
43698577,AGN
56328196,AGN
20465049,AGN
67256531,AGN
57370981,AGN
21258733,AGN
59279999,AGN
69824030,AGN
59618450,AGN
31709093,AGN
27421621,AGN
23533695,AGN
32151341,AGN
38901444,AGN
23920378,AGN
61337310,AGN
27753547,AGN
35206021,AGN
55824968,AGN
33542519,AGN
42539738,AGN
5511803,AGN
66635273,AGN
73239281,AGN
18641785,AGN
58297184,AGN
70417383,AGN
36187702,AGN
1817223,AGN
6458505,AGN
18193302,AGN
60130431,AGN
59358344,AGN
13306873,AGN
4926339,AGN
57707113,AGN
13334555,AGN
40742679,AGN
15522889,AGN
7582017,AGN
1408047,AGN
30994582,AGN
28987807,AGN
23669346,AGN
10270774,AGN
50789733,AGN
18376307,AGN
57906709,AGN
51653452,AGN
46606279,AGN
48838870,AGN
38995407,AGN
41974180,AGN
64248899,AGN
65324082,AGN
54444509,AGN
4264269,AGN
15217141,AGN
1276671,AGN
22807846,AGN
150087404,SLSN-I_no_host
65554560,SLSN-I_no_host
155676150,SLSN-I_no_host
61453745,SLSN-I_no_host
64571628,SLSN-I_no_host
128481289,SLSN-I_no_host
8678126,SLSN-I_no_host
92233618,SLSN-I_no_host
49431263,SLSN-I_no_host
132461374,SLSN-I_no_host
69561758,SLSN-I_no_host
58386459,SLSN-I_no_host
82932319,SLSN-I_no_host
152886255,SLSN-I_no_host
25211678,SLSN-I_no_host
34685297,SLSN-I_no_host
55275121,SLSN-I_no_host
104899796,SLSN-I_no_host
8474827,SLSN-I_no_host
104890640,SLSN-I_no_host
139286950,SLSN-I_no_host
131395360,SLSN-I_no_host
12336052,SLSN-I_no_host
135021506,SLSN-I_no_host
41378415,SLSN-I_no_host
146204331,SLSN-I_no_host
56192495,SLSN-I_no_host
23480894,SLSN-I_no_host
11698818,SLSN-I_no_host
131880861,SLSN-I_no_host
6381797,SLSN-I_no_host
62298622,SLSN-I_no_host
82589252,SLSN-I_no_host
16273618,SLSN-I_no_host
51537993,SLSN-I_no_host
144486747,SLSN-I_no_host
80429098,SLSN-I_no_host
103689398,SLSN-I_no_host
31926220,SLSN-I_no_host
105405319,SLSN-I_no_host
102883548,SLSN-I_no_host
95395524,SLSN-I_no_host
40432110,SLSN-I_no_host
75212713,SLSN-I_no_host
157874169,SLSN-I_no_host
12219670,SLSN-I_no_host
10985351,SLSN-I_no_host
22682853,SLSN-I_no_host
48632691,SLSN-I_no_host
93540556,SLSN-I_no_host
153209107,SLSN-I_no_host
16807747,SLSN-I_no_host
20722745,SLSN-I_no_host
7881663,SLSN-I_no_host
151526729,SLSN-I_no_host
41698599,SLSN-I_no_host
93786886,SLSN-I_no_host
33448962,SLSN-I_no_host
27930917,SLSN-I_no_host
129507326,SLSN-I_no_host
7815092,SL-SNIc
131043464,dwarf-nova
153927898,dwarf-nova
146368546,dwarf-nova
103892615,dwarf-nova
14853730,dwarf-nova
156807748,dwarf-nova
58132009,dwarf-nova
102121035,dwarf-nova
37734415,dwarf-nova
42714611,dwarf-nova
62105721,dwarf-nova
31686189,dwarf-nova
158257671,dwarf-nova
125013818,dwarf-nova
152364624,dwarf-nova
99930688,dwarf-nova
75421831,dwarf-nova
50624238,dwarf-nova
120066486,dwarf-nova
35299426,dwarf-nova
49275978,dwarf-nova
142587689,dwarf-nova
33467336,dwarf-nova
54031297,dwarf-nova
21626562,dwarf-nova
7080932,dwarf-nova
123953496,dwarf-nova
59186691,dwarf-nova
140819459,dwarf-nova
14260754,dwarf-nova
54263805,dwarf-nova
35100352,dwarf-nova
59738860,dwarf-nova
103000700,dwarf-nova
99141506,dwarf-nova
59313967,dwarf-nova
46466259,dwarf-nova
87913787,dwarf-nova
92637767,dwarf-nova
134084568,dwarf-nova
103949738,dwarf-nova
62678864,dwarf-nova
130027460,dwarf-nova
96842682,dwarf-nova
98960985,dwarf-nova
67838980,dwarf-nova
104217631,dwarf-nova
24805250,dwarf-nova
73771258,dwarf-nova
134905649,dwarf-nova
26660263,dwarf-nova
61530665,dwarf-nova
138368824,dwarf-nova
106983799,dwarf-nova
62878322,dwarf-nova
85155628,dwarf-nova
35432717,dwarf-nova
89686555,dwarf-nova
132925610,dwarf-nova
135470168,dwarf-nova
69018019,dwarf-nova
97601275,dwarf-nova
97897233,dwarf-nova
130127663,dwarf-nova
90121628,dwarf-nova
