snid,y_pred,y_true
93852051,EB,EB
133953454,DSCT,DSCT
156704754,DSCT,DSCT
94869465,DSCT,DSCT
143158599,EB,EB
97209193,EB,EB
118286557,DSCT,DSCT
145870285,DSCT,DSCT
107197896,EB,EB
34324163,RRL,RRL
34829837,RRL,RRL
157406000,CEP,CEP
122530507,DSCT,DSCT
67561377,DSCT,DSCT
121329087,DSCT,DSCT
111825956,CEP,CEP
118987354,CEP,CEP
38244498,DSCT,DSCT
107444066,CEP,CEP
43986737,RRL,RRL
1574715,RRL,RRL
15834854,DSCT,DSCT
6727535,RRL,RRL
129466762,DSCT,DSCT
84351477,CEP,CEP
73130868,DSCT,DSCT
69330474,EB,EB
49662434,EB,EB
129616639,EB,EB
59674930,EB,EB
79760425,EB,EB
5278445,EB,EB
50454525,RRL,RRL
41677216,EB,EB
91518512,DSCT,DSCT
131225139,DSCT,DSCT
62213086,RRL,RRL
112417050,EB,EB
8924533,RRL,RRL
32355304,DSCT,DSCT
49131680,DSCT,DSCT
81436792,DSCT,DSCT
7226245,CEP,CEP
123777459,EB,EB
133085134,EB,EB
43651809,DSCT,DSCT
4813549,DSCT,DSCT
7327307,DSCT,DSCT
122890278,CEP,CEP
106012967,EB,EB
141612288,CEP,CEP
128759752,CEP,EB
108207970,DSCT,DSCT
155040956,EB,EB
105473593,DSCT,DSCT
47905128,RRL,RRL
146455002,CEP,CEP
10109960,CEP,CEP
69080514,EB,EB
36555319,EB,EB
59654691,RRL,RRL
134686515,EB,EB
68469871,CEP,CEP
18253394,RRL,RRL
70666985,RRL,CEP
1960760,RRL,RRL
130745784,CEP,CEP
45585289,CEP,CEP
55751240,CEP,CEP
37097991,DSCT,DSCT
80575106,CEP,CEP
150311937,CEP,CEP
6478197,RRL,RRL
102226989,CEP,CEP
59599701,RRL,RRL
78363438,EB,EB
42178656,CEP,CEP
139907056,CEP,CEP
19611654,RRL,RRL
77480759,EB,EB
94881640,CEP,CEP
116509792,EB,EB
29722190,RRL,RRL
150755569,DSCT,DSCT
23857201,DSCT,DSCT
45651190,CEP,CEP
145346043,EB,EB
105037678,CEP,EB
53441798,DSCT,DSCT
19485000,DSCT,DSCT
1247849,RRL,RRL
7304435,CEP,CEP
131915559,DSCT,DSCT
74269555,DSCT,DSCT
22850838,RRL,RRL
62535237,CEP,CEP
93153392,DSCT,DSCT
74376057,RRL,EB
114665578,EB,EB
3099480,DSCT,DSCT
155830144,DSCT,DSCT
78762264,EB,EB
130950085,CEP,CEP
98223230,CEP,CEP
4321572,DSCT,DSCT
1867610,RRL,RRL
62047777,RRL,RRL
82592157,EB,EB
115190521,DSCT,DSCT
102470411,DSCT,DSCT
66138269,RRL,RRL
42827273,DSCT,DSCT
53532881,EB,EB
157124651,EB,EB
27226752,RRL,RRL
122266006,EB,EB
73171124,DSCT,DSCT
5488712,CEP,CEP
59513828,DSCT,DSCT
54092463,CEP,CEP
106127662,EB,EB
127129879,EB,EB
23541810,RRL,RRL
94166681,EB,EB
28164826,CEP,CEP
84945195,EB,EB
33260862,EB,EB
19131686,RRL,RRL
83087444,EB,EB
102227408,DSCT,DSCT
50537100,DSCT,DSCT
59245585,CEP,CEP
40490521,RRL,RRL
54865275,RRL,RRL
129261155,EB,EB
146388564,EB,EB
144351489,DSCT,DSCT
21516021,DSCT,DSCT
36416163,RRL,RRL
120307057,EB,EB
51650841,DSCT,DSCT
46097179,RRL,RRL
143695181,CEP,CEP
48989806,RRL,RRL
50710360,RRL,RRL
2227994,DSCT,DSCT
142136783,EB,EB
29654513,RRL,RRL
114063946,EB,EB
45393070,CEP,CEP
100494360,DSCT,DSCT
34882116,CEP,CEP
12051774,RRL,RRL
75998173,EB,EB
28286253,DSCT,DSCT
45790032,RRL,EB
100957077,DSCT,DSCT
87475659,CEP,CEP
14291647,EB,EB
66836237,CEP,RRL
126162199,EB,EB
15815906,RRL,RRL
102012435,EB,EB
39391411,CEP,CEP
28579022,RRL,RRL
85884068,EB,EB
121528401,CEP,CEP
60752230,RRL,RRL
39700060,RRL,RRL
41050339,RRL,RRL
146414053,DSCT,DSCT
86845114,DSCT,DSCT
19968855,RRL,RRL
11531830,EB,RRL
11218222,RRL,RRL
61444829,RRL,RRL
101734527,CEP,CEP
153924478,CEP,CEP
131167044,CEP,CEP
44769365,CEP,CEP
42134694,RRL,RRL
106144939,EB,EB
6958930,CEP,CEP
40008750,RRL,RRL
41475399,RRL,RRL
105597938,RRL,EB
86816895,RRL,EB
13813107,EB,EB
130029412,CEP,CEP
64026012,RRL,RRL
148343662,DSCT,DSCT
4045481,RRL,RRL
120343594,EB,EB
70202269,RRL,RRL
153290083,EB,EB
32302896,DSCT,DSCT
81249021,EB,EB
23604684,RRL,RRL
104763026,EB,EB
75585879,EB,EB
112505806,EB,EB
62647378,RRL,RRL
146314449,EB,EB
141223070,CEP,CEP
150812225,CEP,CEP
33565972,CEP,CEP
117057200,EB,EB
42104222,DSCT,DSCT
48066178,RRL,RRL
37383742,DSCT,DSCT
46389110,CEP,CEP
115784944,CEP,EB
63585101,DSCT,DSCT
137470925,CEP,CEP
83777184,EB,EB
50328562,RRL,RRL
157244157,EB,EB
112091369,DSCT,DSCT
44941339,DSCT,DSCT
17285911,RRL,RRL
120192459,EB,EB
158182542,DSCT,DSCT
149244921,EB,EB
40327437,EB,RRL
144166754,DSCT,DSCT
25112343,DSCT,DSCT
108820794,CEP,EB
116278435,DSCT,DSCT
33399067,EB,EB
52722782,CEP,CEP
20781571,EB,EB
106529338,DSCT,DSCT
21086458,CEP,CEP
6960400,DSCT,DSCT
48849771,CEP,CEP
71201527,DSCT,DSCT
84893359,EB,EB
126439166,EB,EB
10705923,DSCT,DSCT
134402140,EB,EB
81494859,EB,EB
51099002,DSCT,DSCT
136467906,EB,EB
129538722,CEP,CEP
109108598,CEP,CEP
85241873,EB,EB
46700871,CEP,CEP
131507788,RRL,CEP
1712457,DSCT,DSCT
1614335,DSCT,DSCT
39189272,CEP,CEP
141286586,EB,EB
102732937,DSCT,DSCT
13472845,RRL,RRL
114173440,EB,EB
70323604,DSCT,DSCT
96572906,CEP,CEP
58948948,RRL,RRL
148244854,DSCT,DSCT
126824047,CEP,CEP
90337810,CEP,CEP
85730347,EB,EB
29368758,RRL,RRL
99522418,DSCT,DSCT
49451002,RRL,RRL
99535996,CEP,CEP
82199344,EB,EB
33642208,CEP,CEP
71469854,DSCT,DSCT
104175907,CEP,CEP
2462717,RRL,RRL
82285840,CEP,CEP
91762855,CEP,CEP
60921843,CEP,CEP
137288908,CEP,CEP
6852808,RRL,RRL
5594007,RRL,RRL
92455936,EB,EB
105051956,EB,EB
146389225,CEP,CEP
10042875,DSCT,DSCT
116040177,DSCT,DSCT
51980542,RRL,RRL
65567820,RRL,RRL
31438764,EB,EB
42398365,RRL,RRL
14973118,EB,EB
133092529,CEP,CEP
112246000,CEP,CEP
20714861,EB,EB
35854515,RRL,RRL
18113255,DSCT,DSCT
96312871,DSCT,DSCT
2275145,RRL,RRL
7280671,CEP,CEP
22701420,DSCT,DSCT
115790147,CEP,CEP
40797004,CEP,CEP
153927900,EB,EB
145228987,CEP,CEP
47886961,RRL,RRL
6199650,DSCT,DSCT
41239081,DSCT,DSCT
18495251,RRL,RRL
22194238,RRL,RRL
51460829,DSCT,DSCT
38641923,DSCT,DSCT
34471267,RRL,RRL
56838316,CEP,CEP
83447243,CEP,CEP
89134814,CEP,CEP
84040453,DSCT,DSCT
124883124,EB,EB
7272087,CEP,DSCT
154665591,EB,EB
149601580,DSCT,DSCT
135589433,DSCT,DSCT
154140600,CEP,CEP
2203889,RRL,RRL
73705882,DSCT,DSCT
74796831,CEP,CEP
121015680,EB,DSCT
56223161,RRL,RRL
30384250,RRL,RRL
2169082,RRL,RRL
152486433,CEP,CEP
62244207,RRL,EB
98475309,CEP,CEP
106154383,DSCT,DSCT
100979599,CEP,EB
124424298,CEP,CEP
92956445,DSCT,DSCT
16402275,CEP,CEP
65820682,DSCT,DSCT
157773463,EB,EB
88503081,CEP,CEP
56279929,DSCT,DSCT
39346679,RRL,RRL
127926383,DSCT,DSCT
10725629,EB,EB
158562230,EB,EB
11535666,RRL,RRL
21276043,CEP,CEP
49880081,EB,EB
70945950,RRL,RRL
52310003,CEP,CEP
133157313,CEP,EB
144265310,CEP,CEP
72302640,RRL,RRL
29134087,RRL,RRL
140566513,CEP,CEP
2083540,RRL,RRL
146742407,CEP,CEP
124533075,CEP,CEP
13235905,RRL,EB
4825537,EB,RRL
44159469,DSCT,DSCT
22676424,RRL,RRL
139014019,EB,EB
125216312,CEP,CEP
139845849,EB,EB
61000156,RRL,RRL
128729463,CEP,EB
70768429,RRL,RRL
55461733,RRL,RRL
75401791,EB,EB
10489113,RRL,RRL
56934698,EB,EB
128967894,DSCT,DSCT
11076683,RRL,RRL
45223146,RRL,RRL
117092939,DSCT,DSCT
64455343,RRL,RRL
49740701,RRL,RRL
1271768,RRL,RRL
86896258,DSCT,DSCT
65526420,RRL,RRL
60779493,RRL,RRL
4712921,CEP,CEP
110645392,CEP,EB
40312047,RRL,RRL
105063427,EB,EB
72334676,RRL,RRL
88097104,EB,EB
7767476,RRL,RRL
149822330,DSCT,DSCT
149511301,DSCT,DSCT
58609773,CEP,CEP
69269004,CEP,CEP
62749332,DSCT,DSCT
10361086,DSCT,DSCT
153538716,CEP,CEP
49777821,RRL,RRL
43602362,RRL,RRL
153393834,EB,EB
14685526,RRL,RRL
33207635,CEP,CEP
27752317,EB,CEP
158835703,EB,EB
91532458,CEP,CEP
108197588,CEP,CEP
67718204,RRL,RRL
24293960,EB,EB
49938275,RRL,RRL
149126456,CEP,CEP
136946226,EB,EB
62023460,DSCT,DSCT
3863987,RRL,RRL
2877395,RRL,RRL
94973653,EB,EB
105227080,CEP,CEP
57711041,EB,EB
121531052,CEP,CEP
41181682,CEP,EB
33928100,DSCT,DSCT
35970909,CEP,CEP
90564445,CEP,CEP
135122151,CEP,CEP
14568473,RRL,RRL
53664365,CEP,CEP
141519921,DSCT,DSCT
116973160,EB,EB
73996734,DSCT,DSCT
49777928,RRL,RRL
37353709,CEP,CEP
64373260,RRL,RRL
145644346,DSCT,EB
44886868,DSCT,DSCT
40795584,RRL,RRL
56128191,CEP,CEP
55051756,RRL,RRL
55795435,DSCT,EB
46770224,DSCT,DSCT
1624942,CEP,EB
51537431,EB,EB
67546404,RRL,RRL
134633474,CEP,EB
66350912,DSCT,DSCT
49471579,CEP,CEP
82183638,RRL,EB
142404311,EB,EB
138465796,CEP,CEP
70981991,RRL,RRL
9577884,RRL,RRL
99607578,DSCT,DSCT
28734141,RRL,RRL
128035514,EB,EB
102552585,EB,DSCT
17943343,RRL,RRL
113610585,CEP,EB
87168747,CEP,CEP
156538684,EB,EB
47704658,DSCT,DSCT
159116511,DSCT,DSCT
72223632,RRL,RRL
153712047,DSCT,DSCT
135500324,DSCT,DSCT
36053039,RRL,RRL
151006782,DSCT,DSCT
76179645,DSCT,DSCT
116588180,DSCT,DSCT
42793041,CEP,CEP
52026729,EB,EB
51368780,CEP,CEP
33515170,DSCT,DSCT
60868383,RRL,RRL
56866001,RRL,RRL
4674915,RRL,RRL
18562478,RRL,RRL
47948712,RRL,RRL
159353778,EB,EB
10827490,RRL,RRL
82638262,CEP,CEP
92528135,EB,EB
87071480,CEP,CEP
141700229,EB,EB
34911427,EB,EB
69345403,CEP,CEP
153714922,CEP,CEP
134950537,CEP,CEP
60785518,RRL,RRL
24798856,EB,EB
116688355,EB,EB
118458310,CEP,CEP
58020436,EB,EB
135805579,CEP,CEP
6107777,CEP,CEP
110011063,EB,EB
59852364,EB,DSCT
42553443,RRL,RRL
6533773,RRL,RRL
128890507,DSCT,DSCT
16620278,CEP,CEP
143169879,CEP,CEP
26730673,RRL,RRL
130717017,EB,EB
42855208,RRL,RRL
94931158,EB,EB
35331366,EB,EB
12997344,CEP,CEP
86485814,CEP,CEP
54092295,RRL,EB
30742836,DSCT,DSCT
73513831,CEP,CEP
122302528,DSCT,DSCT
63321183,DSCT,DSCT
32381972,CEP,CEP
61745883,RRL,RRL
143000761,EB,EB
77727802,DSCT,DSCT
63147117,RRL,RRL
145286546,CEP,CEP
146623674,DSCT,DSCT
77840509,EB,EB
76883347,CEP,CEP
43866234,RRL,RRL
128968979,CEP,EB
123180589,CEP,CEP
159369738,DSCT,DSCT
42058957,RRL,RRL
35008779,DSCT,DSCT
87554228,EB,EB
98422852,CEP,DSCT
20744599,RRL,RRL
85221830,CEP,CEP
99898123,EB,EB
142267981,CEP,CEP
114985868,CEP,CEP
158642461,EB,EB
18804356,RRL,RRL
13010359,RRL,RRL
29778631,RRL,DSCT
7694514,DSCT,DSCT
55326471,DSCT,DSCT
137651142,CEP,CEP
72511036,EB,EB
22421046,DSCT,DSCT
82436533,CEP,CEP
16516086,DSCT,DSCT
120901747,EB,EB
33085370,RRL,RRL
42500945,RRL,RRL
49584728,DSCT,DSCT
13593641,DSCT,DSCT
133907874,EB,EB
24479499,RRL,RRL
23229449,RRL,RRL
21580052,RRL,RRL
94602724,CEP,CEP
86413085,DSCT,DSCT
15342115,CEP,CEP
20210805,RRL,RRL
16303314,DSCT,DSCT
25179325,RRL,RRL
139237145,CEP,CEP
126827145,DSCT,DSCT
28619153,RRL,RRL
10775761,RRL,RRL
114644696,DSCT,DSCT
124006927,EB,EB
143033785,DSCT,DSCT
155929551,DSCT,DSCT
2230750,DSCT,DSCT
42356147,DSCT,DSCT
1012677,EB,EB
93028292,EB,EB
93205933,EB,EB
71035670,RRL,RRL
63689804,EB,RRL
114173052,CEP,CEP
151632027,CEP,CEP
1484457,RRL,RRL
152369113,CEP,CEP
103148128,EB,EB
63923648,RRL,RRL
62888969,EB,EB
5259620,RRL,RRL
39233291,RRL,RRL
135189584,DSCT,DSCT
26186077,RRL,RRL
81231917,CEP,CEP
5040539,DSCT,DSCT
152202868,EB,EB
18393650,RRL,RRL
31877174,DSCT,DSCT
41294245,RRL,RRL
141995422,DSCT,DSCT
3682856,CEP,CEP
75689899,CEP,DSCT
158025714,DSCT,DSCT
95963698,DSCT,DSCT
23792115,CEP,CEP
1480758,EB,EB
54944387,CEP,CEP
82138685,CEP,CEP
156339224,CEP,CEP
60055259,CEP,CEP
17960110,CEP,CEP
29295941,DSCT,DSCT
40470638,CEP,CEP
158993580,EB,EB
22432578,RRL,RRL
156011529,EB,EB
148517482,CEP,CEP
154725834,EB,EB
3054706,RRL,RRL
35019870,DSCT,DSCT
88482592,DSCT,DSCT
149679110,DSCT,DSCT
18930469,RRL,RRL
99763349,CEP,CEP
128797518,EB,EB
46383849,CEP,CEP
77382913,EB,EB
36537357,DSCT,DSCT
152691479,CEP,CEP
70781811,RRL,RRL
1259013,EB,RRL
45292938,DSCT,DSCT
51025794,RRL,RRL
19640274,RRL,RRL
106779911,EB,EB
21234550,EB,EB
115844977,DSCT,DSCT
95004026,DSCT,DSCT
32052559,DSCT,DSCT
118666030,DSCT,DSCT
122863316,EB,EB
107828208,CEP,CEP
1253826,RRL,RRL
68567599,EB,EB
20564061,RRL,RRL
62842690,DSCT,DSCT
128030556,CEP,CEP
63796687,DSCT,DSCT
22098513,EB,EB
157839172,DSCT,DSCT
85706952,CEP,CEP
36318505,DSCT,DSCT
43191093,RRL,RRL
128918980,EB,EB
57123437,EB,EB
14503509,DSCT,DSCT
144864752,DSCT,DSCT
126562559,DSCT,DSCT
39130510,DSCT,DSCT
125596824,EB,EB
145511234,EB,EB
147410567,CEP,CEP
97400643,CEP,CEP
106637001,DSCT,DSCT
51631952,RRL,RRL
138700544,EB,EB
6163362,EB,EB
64949789,DSCT,DSCT
24616984,RRL,RRL
118963090,EB,EB
159467630,CEP,CEP
39775322,EB,EB
98798863,DSCT,DSCT
59530608,RRL,RRL
53070473,CEP,CEP
19030167,CEP,RRL
47549192,DSCT,DSCT
125208450,EB,EB
70432804,CEP,CEP
8683169,DSCT,DSCT
127939651,EB,EB
44783625,DSCT,DSCT
16965231,RRL,RRL
12218735,CEP,CEP
114566951,DSCT,DSCT
15308955,RRL,RRL
155190727,EB,EB
132533410,CEP,EB
152846828,EB,EB
18286109,CEP,CEP
97205987,EB,EB
91457685,CEP,CEP
133007618,CEP,CEP
16453017,EB,DSCT
11765376,RRL,RRL
10550463,RRL,RRL
100933415,DSCT,DSCT
42166343,DSCT,DSCT
25685885,RRL,RRL
54449945,RRL,RRL
36962926,RRL,RRL
114824525,DSCT,DSCT
135246037,DSCT,DSCT
101069655,CEP,CEP
71744349,RRL,RRL
28601193,DSCT,DSCT
50045634,RRL,RRL
138444827,DSCT,DSCT
110431630,EB,EB
100644879,CEP,CEP
44533953,RRL,RRL
8476747,RRL,RRL
18550599,CEP,CEP
70611812,RRL,RRL
31536551,DSCT,DSCT
25566780,RRL,RRL
5975290,RRL,RRL
107786223,CEP,CEP
89863432,EB,EB
93493246,EB,EB
83831127,EB,EB
142522499,CEP,CEP
67799353,RRL,RRL
140260087,DSCT,DSCT
31422326,RRL,RRL
26535383,CEP,CEP
4512422,RRL,RRL
72606932,CEP,CEP
49152771,CEP,CEP
62534514,RRL,RRL
46101700,EB,RRL
7672611,RRL,RRL
32348356,DSCT,DSCT
25341120,RRL,RRL
19895162,RRL,RRL
156167674,EB,EB
150897517,CEP,CEP
77213669,EB,EB
138963017,DSCT,DSCT
44699207,RRL,RRL
67524441,RRL,RRL
145515875,DSCT,DSCT
35705835,RRL,RRL
40541500,RRL,RRL
49531918,RRL,RRL
145379014,EB,EB
68590459,DSCT,DSCT
148678427,CEP,CEP
38086001,RRL,DSCT
133263695,EB,EB
73716240,RRL,DSCT
84334857,DSCT,DSCT
93184575,CEP,CEP
27326379,RRL,RRL
68813658,RRL,RRL
120899725,CEP,CEP
126601452,CEP,CEP
34160718,CEP,CEP
156413053,DSCT,DSCT
99172765,DSCT,DSCT
75535261,EB,EB
115831643,EB,EB
43281156,RRL,RRL
92952539,DSCT,DSCT
157429113,DSCT,DSCT
118404792,CEP,CEP
119725364,DSCT,DSCT
42728728,RRL,RRL
37059360,EB,RRL
5250945,CEP,CEP
6838760,EB,EB
139988118,DSCT,DSCT
4429421,DSCT,DSCT
114671102,CEP,CEP
44712953,RRL,RRL
53092237,RRL,RRL
73565452,RRL,RRL
115921789,CEP,CEP
32481625,CEP,CEP
33615402,RRL,RRL
75803241,EB,EB
120974293,DSCT,EB
13342934,EB,EB
133015827,EB,DSCT
151293683,DSCT,DSCT
62087173,CEP,CEP
108559610,CEP,CEP
137786005,EB,EB
50340443,CEP,EB
106457550,DSCT,DSCT
99457647,DSCT,DSCT
145579759,CEP,CEP
27592977,DSCT,DSCT
25690448,CEP,CEP
83359858,DSCT,DSCT
94415394,EB,EB
107861257,DSCT,DSCT
85774204,EB,EB
1283805,RRL,RRL
3559494,RRL,RRL
121834205,DSCT,DSCT
78944165,DSCT,DSCT
97579376,CEP,CEP
156562786,CEP,CEP
102773417,DSCT,DSCT
74477868,DSCT,DSCT
147421630,CEP,CEP
153738668,DSCT,DSCT
67104786,RRL,RRL
51193580,DSCT,DSCT
53558323,CEP,CEP
146535981,CEP,CEP
1460812,RRL,RRL
127143927,EB,EB
103331715,DSCT,DSCT
154461374,CEP,CEP
73067810,CEP,CEP
114772991,EB,EB
13579371,CEP,CEP
64960439,RRL,DSCT
112260939,CEP,CEP
145570905,EB,EB
9163939,RRL,RRL
47422328,CEP,CEP
45087082,CEP,CEP
143899547,EB,EB
65114473,DSCT,DSCT
141377390,CEP,CEP
106217302,EB,EB
18983523,CEP,CEP
4090466,EB,CEP
15014653,EB,EB
139956593,EB,EB
140921499,EB,EB
9352659,RRL,RRL
39272249,RRL,DSCT
25147570,RRL,RRL
62757880,CEP,CEP
140747517,EB,DSCT
130698912,DSCT,DSCT
68003082,RRL,RRL
56961335,CEP,CEP
31252358,RRL,RRL
42241796,EB,EB
76405621,CEP,CEP
146412625,DSCT,DSCT
11489574,CEP,CEP
47541168,RRL,RRL
4553765,DSCT,DSCT
28205677,RRL,RRL
158236399,DSCT,DSCT
151911344,EB,EB
152053160,DSCT,DSCT
131329340,CEP,CEP
15207163,RRL,RRL
59224593,RRL,RRL
86129805,DSCT,DSCT
69522491,RRL,RRL
77994427,DSCT,DSCT
29423709,EB,RRL
59487895,CEP,CEP
1757541,EB,DSCT
52129625,EB,EB
90264492,CEP,CEP
40682613,RRL,RRL
45461236,EB,EB
137208064,DSCT,DSCT
124861981,EB,EB
51244643,CEP,CEP
133735620,DSCT,DSCT
105528314,EB,EB
84049930,EB,EB
144695744,EB,EB
100269154,DSCT,DSCT
159160202,CEP,CEP
133815519,EB,EB
67599943,DSCT,DSCT
71014195,CEP,CEP
33797239,RRL,RRL
11147051,CEP,RRL
1933715,EB,EB
63439169,RRL,RRL
154719752,CEP,CEP
96197648,EB,EB
76970698,CEP,EB
139031676,EB,EB
107226283,CEP,CEP
123456807,DSCT,DSCT
75280870,EB,EB
37671880,RRL,RRL
15015328,DSCT,DSCT
28582775,RRL,RRL
95548787,CEP,CEP
54091731,DSCT,DSCT
112912478,DSCT,DSCT
71158890,DSCT,DSCT
76208623,DSCT,DSCT
96505433,CEP,CEP
21491000,DSCT,DSCT
89969234,CEP,CEP
39478403,CEP,CEP
44539534,RRL,RRL
52729964,CEP,EB
27074123,RRL,RRL
61729926,EB,EB
77369518,CEP,CEP
26743984,RRL,RRL
24686805,RRL,RRL
18183953,CEP,CEP
96346961,CEP,CEP
5780563,EB,EB
45557184,RRL,RRL
117237121,EB,EB
107777829,EB,EB
56823715,CEP,CEP
52676622,RRL,RRL
33049078,EB,RRL
38582535,CEP,CEP
26875712,CEP,EB
37173783,DSCT,DSCT
22284875,CEP,CEP
26846525,DSCT,DSCT
131532158,DSCT,DSCT
139810835,EB,EB
134561845,CEP,CEP
12260948,CEP,RRL
55668813,CEP,CEP
87169997,EB,EB
25042287,RRL,RRL
1455184,RRL,RRL
56700687,EB,EB
100486651,EB,EB
79248029,CEP,EB
11578414,DSCT,DSCT
47290476,EB,DSCT
21140261,RRL,RRL
14302683,RRL,RRL
119004516,EB,EB
94016455,EB,EB
106234672,EB,EB
97311964,DSCT,DSCT
120259011,EB,EB
70848303,CEP,CEP
113664480,CEP,CEP
100982567,CEP,CEP
152854270,EB,EB
83406315,CEP,CEP
126282794,DSCT,DSCT
107814275,CEP,CEP
122758307,EB,EB
19792827,CEP,CEP
10612920,CEP,CEP
144883385,DSCT,DSCT
52752439,DSCT,DSCT
114163623,DSCT,DSCT
107519251,DSCT,DSCT
139026170,CEP,CEP
26486810,CEP,CEP
28657553,RRL,RRL
110399186,CEP,CEP
7178390,DSCT,DSCT
25355359,EB,EB
149072381,EB,EB
119053796,DSCT,DSCT
82489102,DSCT,DSCT
57754537,CEP,CEP
59648568,RRL,RRL
96462164,CEP,CEP
56627738,RRL,RRL
56271567,DSCT,DSCT
78132607,DSCT,DSCT
147276021,EB,EB
10047121,EB,EB
20440209,CEP,EB
67110005,RRL,RRL
110724263,EB,EB
54403035,RRL,RRL
6261017,CEP,CEP
48436692,RRL,RRL
92717442,CEP,CEP
3455506,RRL,RRL
17671761,RRL,RRL
20012773,CEP,CEP
61286137,RRL,RRL
5737819,CEP,CEP
124318374,EB,EB
43112153,RRL,RRL
53695727,EB,EB
81058884,EB,EB
37274280,RRL,RRL
23804941,CEP,DSCT
68702846,EB,EB
137402991,DSCT,DSCT
146748412,EB,EB
54138480,CEP,CEP
35349443,RRL,RRL
99635333,DSCT,DSCT
91162851,CEP,CEP
145310314,CEP,CEP
142175314,DSCT,DSCT
27272928,DSCT,DSCT
80479432,CEP,CEP
84243880,EB,DSCT
142571796,CEP,CEP
78903470,EB,EB
127964781,DSCT,DSCT
31868528,CEP,CEP
68438589,CEP,CEP
42188486,RRL,RRL
23608326,RRL,RRL
46661213,DSCT,DSCT
76672510,CEP,CEP
25199567,CEP,EB
36020815,DSCT,DSCT
143926022,EB,EB
157957173,EB,EB
28022191,RRL,RRL
53931116,RRL,RRL
151649613,EB,EB
101392724,EB,EB
39293051,RRL,RRL
146142913,EB,EB
120170210,CEP,CEP
42661375,RRL,RRL
152184814,DSCT,DSCT
110987394,CEP,CEP
9541159,RRL,RRL
36282544,RRL,RRL
10182494,CEP,CEP
154356256,CEP,CEP
12544539,RRL,RRL
119343380,EB,EB
124486511,EB,EB
2567637,RRL,RRL
13428524,CEP,CEP
65960542,EB,EB
25684926,RRL,RRL
51509230,CEP,CEP
93002824,EB,EB
10485691,RRL,RRL
43873842,CEP,CEP
13425605,RRL,RRL
64901941,RRL,RRL
98367659,DSCT,DSCT
50168167,CEP,CEP
134635157,DSCT,DSCT
55524412,RRL,RRL
18187292,RRL,DSCT
4674491,RRL,RRL
54570679,DSCT,DSCT
130072664,EB,EB
126986255,CEP,CEP
4705022,RRL,RRL
134968430,EB,DSCT
6341591,RRL,RRL
82150310,EB,EB
113109493,CEP,CEP
10358586,RRL,RRL
54711051,RRL,RRL
1541442,RRL,RRL
14954420,EB,EB
55247673,RRL,RRL
111108394,DSCT,DSCT
128263539,DSCT,DSCT
83059410,EB,EB
40630549,RRL,RRL
70333434,DSCT,DSCT
116445725,EB,EB
63030733,CEP,CEP
136889773,DSCT,DSCT
127584407,EB,EB
68633440,CEP,CEP
53948388,RRL,RRL
43917857,RRL,RRL
97783472,EB,EB
54916981,CEP,CEP
59088530,CEP,CEP
52173498,RRL,RRL
114738710,EB,EB
125930142,EB,EB
61221515,RRL,RRL
93066976,DSCT,DSCT
138970149,CEP,CEP
100922397,DSCT,DSCT
88733584,CEP,CEP
65671119,RRL,RRL
110536897,CEP,CEP
98500088,EB,EB
93797611,CEP,EB
76857435,DSCT,DSCT
36137101,CEP,RRL
63547618,RRL,RRL
83808114,DSCT,DSCT
13398263,RRL,RRL
22428943,RRL,RRL
126542642,EB,EB
47636040,CEP,CEP
16496508,DSCT,DSCT
31584286,DSCT,DSCT
13601139,DSCT,DSCT
58857608,EB,EB
123964916,EB,EB
11788880,RRL,RRL
68035302,CEP,CEP
66500481,DSCT,DSCT
121495971,CEP,CEP
106488465,DSCT,DSCT
148013922,EB,EB
41996011,EB,EB
9221640,DSCT,DSCT
32820587,DSCT,DSCT
84900502,CEP,CEP
123890883,EB,EB
84037770,CEP,CEP
132046162,CEP,CEP
135511375,CEP,CEP
94221550,EB,CEP
31794235,DSCT,DSCT
28527298,EB,EB
148562690,EB,EB
30009912,RRL,RRL
110853980,EB,EB
45342331,EB,EB
57767447,CEP,CEP
107349521,EB,EB
74707189,EB,EB
41220232,RRL,RRL
136422453,CEP,CEP
54024585,CEP,DSCT
49342922,CEP,CEP
77187662,CEP,CEP
128107010,EB,EB
54447263,CEP,CEP
24385762,RRL,RRL
84978495,EB,EB
53315789,CEP,CEP
17218373,EB,RRL
112977686,CEP,CEP
128130065,CEP,CEP
6723517,RRL,RRL
19168185,CEP,CEP
115370282,CEP,CEP
94232202,DSCT,DSCT
43345302,DSCT,DSCT
21669761,RRL,RRL
58403519,RRL,RRL
22068372,CEP,CEP
55009663,RRL,RRL
19748815,DSCT,DSCT
138099705,EB,EB
28152794,DSCT,DSCT
75934953,CEP,CEP
19029169,CEP,CEP
152699965,EB,EB
120926520,EB,EB
18464373,RRL,RRL
109538243,DSCT,DSCT
51575544,DSCT,DSCT
11068137,CEP,CEP
76237843,DSCT,DSCT
33572343,CEP,CEP
31630831,DSCT,DSCT
33673970,DSCT,DSCT
40043616,RRL,RRL
17125756,RRL,RRL
136833156,CEP,CEP
50354377,RRL,RRL
46129130,DSCT,DSCT
88778989,CEP,CEP
44123767,RRL,RRL
81091127,DSCT,DSCT
67683659,DSCT,DSCT
74719852,EB,EB
151678416,EB,EB
57852588,DSCT,DSCT
87667787,EB,EB
10082393,CEP,CEP
4624441,RRL,RRL
70574532,DSCT,DSCT
76789490,EB,EB
9028250,CEP,CEP
133360115,CEP,CEP
124850975,EB,EB
1938170,RRL,RRL
79465149,EB,EB
41930611,EB,EB
94289516,DSCT,DSCT
101417176,DSCT,DSCT
100585209,DSCT,DSCT
131275976,CEP,CEP
54167459,DSCT,DSCT
5816265,CEP,CEP
112501637,EB,EB
2792551,EB,EB
111617747,DSCT,DSCT
21869984,CEP,CEP
33976354,RRL,RRL
111234423,EB,DSCT
138778563,CEP,CEP
111782261,EB,EB
62182987,RRL,RRL
68439181,RRL,RRL
78202460,EB,EB
2198591,RRL,RRL
22896526,EB,RRL
62976429,RRL,RRL
115230112,DSCT,DSCT
102235645,EB,EB
36526215,RRL,RRL
76157566,EB,EB
91779585,DSCT,DSCT
134807335,EB,EB
30017354,CEP,CEP
64883800,RRL,RRL
87400632,CEP,CEP
82873080,DSCT,DSCT
142273289,EB,EB
74963623,DSCT,DSCT
93865297,RRL,DSCT
150997117,CEP,CEP
122089557,CEP,EB
52018369,RRL,RRL
136543555,EB,EB
123220677,CEP,CEP
32854902,EB,CEP
135704473,EB,EB
130966280,CEP,CEP
53791959,RRL,RRL
10579080,RRL,RRL
120217217,DSCT,DSCT
148810622,CEP,CEP
144946876,EB,DSCT
145729603,EB,EB
89345080,DSCT,DSCT
66554817,DSCT,DSCT
46522535,RRL,RRL
75571846,EB,DSCT
147677580,DSCT,DSCT
145435368,DSCT,DSCT
34250168,EB,EB
13570904,CEP,CEP
96281310,DSCT,DSCT
16131057,EB,EB
58948725,DSCT,DSCT
64771979,RRL,RRL
55355323,EB,RRL
122832583,CEP,CEP
133649730,CEP,CEP
35030398,CEP,CEP
9581098,RRL,RRL
119002846,EB,EB
3628003,CEP,CEP
153994448,EB,EB
70096942,DSCT,DSCT
140475869,EB,EB
14593027,DSCT,RRL
16186221,DSCT,DSCT
121896805,EB,EB
6646304,RRL,RRL
65442065,CEP,CEP
6819388,RRL,RRL
152182070,CEP,CEP
11967382,RRL,RRL
103781174,CEP,EB
22381233,RRL,RRL
62122342,RRL,RRL
105399102,EB,EB
11404764,RRL,RRL
7005617,RRL,RRL
11101331,CEP,CEP
8322109,DSCT,DSCT
76093202,DSCT,DSCT
30621475,DSCT,DSCT
27816127,RRL,RRL
8078558,RRL,RRL
85566328,EB,EB
121771295,CEP,CEP
22192474,EB,EB
53006981,CEP,CEP
46248052,CEP,CEP
22390110,RRL,RRL
33685570,CEP,CEP
58228727,RRL,RRL
51820195,RRL,RRL
26873545,EB,EB
63699772,EB,RRL
43564988,RRL,RRL
61967421,RRL,RRL
61077400,RRL,DSCT
18959722,RRL,DSCT
130170798,EB,EB
94007967,CEP,CEP
7314118,RRL,RRL
145844648,CEP,CEP
43717842,CEP,CEP
139684454,DSCT,DSCT
123034670,CEP,CEP
146616555,CEP,CEP
47318275,RRL,RRL
49309463,EB,EB
31554279,CEP,CEP
156631881,DSCT,DSCT
36538232,RRL,RRL
61922523,CEP,CEP
98836049,EB,EB
90877748,CEP,CEP
115233715,EB,EB
3920659,RRL,RRL
40536380,DSCT,DSCT
31647510,RRL,RRL
22535191,RRL,RRL
73341868,EB,RRL
117738381,EB,EB
48615340,EB,RRL
78462828,EB,EB
79047851,EB,EB
123924954,DSCT,DSCT
31194830,DSCT,DSCT
146458266,EB,EB
135786849,EB,EB
154638752,CEP,CEP
102178567,DSCT,DSCT
73645664,DSCT,DSCT
103308635,CEP,CEP
52926602,RRL,RRL
19804471,CEP,EB
139734461,EB,EB
56187787,RRL,RRL
128162073,EB,EB
92824358,DSCT,DSCT
60381348,RRL,RRL
68458387,DSCT,DSCT
57794074,CEP,CEP
31331430,RRL,RRL
68733878,RRL,RRL
90315143,DSCT,DSCT
98945395,DSCT,DSCT
70471251,DSCT,DSCT
69689764,CEP,CEP
44019912,DSCT,DSCT
7983144,RRL,RRL
154070155,CEP,CEP
8469956,RRL,RRL
115637440,CEP,CEP
65267042,EB,RRL
11262303,DSCT,DSCT
29685874,RRL,RRL
68342127,CEP,CEP
86909548,EB,EB
47465484,DSCT,DSCT
69453694,RRL,RRL
14210376,RRL,RRL
81109477,DSCT,DSCT
70622045,RRL,RRL
117751667,EB,EB
141500446,EB,EB
30743594,EB,EB
157953656,DSCT,DSCT
8029704,RRL,RRL
85267428,CEP,CEP
107740456,EB,EB
29208100,RRL,RRL
81220211,CEP,CEP
8260406,EB,EB
48507260,RRL,RRL
67774713,RRL,RRL
12266070,RRL,RRL
27867571,RRL,RRL
159384683,DSCT,DSCT
26899372,DSCT,DSCT
57341913,RRL,RRL
61414680,RRL,RRL
54878983,CEP,CEP
142612266,CEP,CEP
60800072,CEP,CEP
28824046,RRL,RRL
53544251,EB,EB
51295530,RRL,RRL
157556150,EB,EB
39141641,RRL,RRL
134087439,EB,EB
115293413,DSCT,DSCT
8707522,EB,DSCT
17797318,RRL,RRL
100556462,EB,EB
100901475,EB,EB
83031712,EB,EB
13296867,DSCT,DSCT
20830951,CEP,CEP
62043724,RRL,RRL
39503754,DSCT,DSCT
15292649,EB,CEP
27905312,CEP,CEP
153167215,CEP,CEP
14385097,EB,RRL
8160942,RRL,RRL
48906314,RRL,RRL
134080346,CEP,CEP
62665309,DSCT,DSCT
89569148,DSCT,DSCT
5787066,CEP,CEP
59909628,RRL,RRL
43026046,RRL,RRL
100841182,CEP,CEP
43902844,DSCT,DSCT
32419137,RRL,RRL
74311835,CEP,CEP
156179834,DSCT,DSCT
50919413,CEP,CEP
139109004,EB,EB
1294430,DSCT,DSCT
72130947,DSCT,DSCT
75741862,CEP,CEP
24431304,RRL,EB
90740836,EB,DSCT
24343187,DSCT,DSCT
54976424,EB,DSCT
134063173,DSCT,DSCT
7706342,DSCT,DSCT
127709161,DSCT,DSCT
93624572,EB,EB
128011486,EB,EB
38184588,DSCT,DSCT
135717732,DSCT,DSCT
25574309,RRL,RRL
156089840,EB,EB
26564115,CEP,CEP
145461517,EB,EB
83649258,CEP,CEP
135624764,CEP,CEP
27315234,CEP,CEP
57169387,DSCT,DSCT
84642537,CEP,CEP
56656574,RRL,RRL
61002409,RRL,RRL
131395282,DSCT,DSCT
10997730,DSCT,DSCT
127052519,EB,EB
53132163,DSCT,DSCT
83676491,EB,EB
62380622,CEP,RRL
25572230,CEP,CEP
74295693,CEP,CEP
48114852,CEP,CEP
79232713,CEP,CEP
80601974,DSCT,DSCT
60334409,DSCT,DSCT
30911520,RRL,CEP
152661545,DSCT,DSCT
64116843,DSCT,DSCT
143879284,DSCT,DSCT
34476125,DSCT,DSCT
65343451,RRL,RRL
86172034,EB,EB
141636167,EB,EB
83121669,CEP,CEP
146507085,EB,EB
60879356,CEP,CEP
66599671,CEP,CEP
61508730,CEP,CEP
61626142,RRL,RRL
37868532,RRL,RRL
144850083,CEP,CEP
156051486,CEP,CEP
69581759,RRL,RRL
78379000,EB,EB
50038821,RRL,RRL
19488792,CEP,CEP
26691136,EB,RRL
19120810,CEP,CEP
73300559,RRL,RRL
63898360,EB,EB
18636021,RRL,RRL
3039849,DSCT,DSCT
32159848,DSCT,DSCT
147203617,CEP,CEP
111486063,EB,EB
72775087,RRL,RRL
110931609,CEP,CEP
148095134,EB,EB
76079732,DSCT,DSCT
52055908,DSCT,DSCT
45808614,EB,CEP
153822407,CEP,CEP
60486264,RRL,RRL
22271523,DSCT,RRL
2997299,EB,EB
137666068,CEP,CEP
132318638,EB,EB
87784902,DSCT,DSCT
134995614,EB,EB
20107956,RRL,RRL
3677858,RRL,DSCT
135377507,EB,DSCT
124951390,CEP,CEP
59293885,CEP,CEP
63228325,CEP,CEP
36852668,DSCT,DSCT
55466066,CEP,DSCT
115952511,CEP,CEP
53909322,RRL,RRL
68056640,RRL,RRL
113928663,EB,EB
97620265,EB,EB
157500083,CEP,CEP
107530620,DSCT,DSCT
129797567,EB,EB
102752079,EB,EB
16646707,EB,EB
65045821,RRL,RRL
41802391,DSCT,DSCT
87270647,CEP,CEP
144821046,EB,EB
38826277,EB,RRL
65526628,RRL,RRL
70149202,EB,EB
124179859,EB,EB
125333928,EB,EB
158675841,DSCT,DSCT
149687577,DSCT,DSCT
28697770,DSCT,DSCT
70592208,RRL,RRL
24998311,DSCT,DSCT
97751270,EB,EB
1200489,DSCT,DSCT
13689530,DSCT,DSCT
144799540,EB,EB
61181239,RRL,RRL
34114692,RRL,RRL
98029943,DSCT,DSCT
27492636,EB,RRL
65724075,EB,EB
144840840,EB,EB
84227128,EB,EB
6595207,RRL,RRL
75976507,EB,EB
100834307,CEP,CEP
143731183,EB,EB
25313954,RRL,RRL
69392172,CEP,CEP
1475691,RRL,RRL
73471094,CEP,CEP
118691941,EB,EB
133204711,EB,EB
51764379,CEP,CEP
149707454,EB,EB
108124444,EB,EB
142611009,RRL,DSCT
58169081,EB,EB
113936642,DSCT,DSCT
127099038,EB,EB
12425903,DSCT,DSCT
64700894,RRL,RRL
10552144,DSCT,DSCT
106384871,RRL,DSCT
44555299,DSCT,DSCT
118903325,CEP,CEP
55140474,RRL,RRL
146910531,DSCT,DSCT
126363117,DSCT,DSCT
99592484,CEP,EB
128306495,DSCT,DSCT
120430480,EB,EB
112841917,EB,EB
120792787,CEP,CEP
122162770,CEP,CEP
139412304,EB,EB
139560110,EB,EB
101086546,EB,EB
62482799,CEP,CEP
13879787,EB,EB
159091199,EB,EB
37735125,RRL,RRL
77072092,DSCT,DSCT
5308219,EB,EB
138128043,DSCT,DSCT
32348961,RRL,RRL
7662426,RRL,RRL
40901510,DSCT,DSCT
126150339,CEP,CEP
13873224,RRL,RRL
28063773,CEP,CEP
38575345,EB,EB
138563026,DSCT,DSCT
55221065,RRL,RRL
38144554,RRL,RRL
155770446,EB,EB
136003742,CEP,CEP
2937657,CEP,CEP
16959314,RRL,RRL
137584916,EB,EB
65535592,CEP,CEP
115868173,EB,EB
80164355,EB,EB
144651530,EB,EB
21064418,RRL,RRL
25298089,RRL,RRL
17798582,RRL,RRL
12709160,RRL,RRL
133113156,CEP,CEP
16221891,EB,EB
44014893,EB,EB
6002753,DSCT,DSCT
57695024,CEP,CEP
155031159,EB,EB
155481312,CEP,CEP
6509805,DSCT,DSCT
62958960,RRL,RRL
8720429,EB,DSCT
84644313,DSCT,DSCT
39267476,CEP,CEP
15987137,CEP,CEP
69870031,CEP,CEP
51547633,DSCT,DSCT
58798591,EB,EB
151271540,CEP,EB
53176589,RRL,RRL
88609855,DSCT,DSCT
104124164,DSCT,DSCT
59300871,CEP,CEP
10247975,RRL,RRL
66248362,RRL,RRL
129869261,EB,EB
67107235,RRL,RRL
75756718,EB,EB
24555165,DSCT,DSCT
49453130,EB,RRL
123232414,EB,EB
47283366,RRL,RRL
16316307,CEP,CEP
84933626,CEP,CEP
129397607,DSCT,DSCT
120769130,CEP,CEP
57917630,RRL,RRL
118633206,DSCT,DSCT
123163020,EB,EB
77651699,EB,EB
10062704,RRL,RRL
9742088,CEP,CEP
72050747,RRL,RRL
67388317,EB,EB
55029600,RRL,RRL
18528414,CEP,CEP
147892956,DSCT,DSCT
12530129,EB,EB
146870282,CEP,CEP
101257692,CEP,CEP
27202802,CEP,CEP
11823230,CEP,CEP
12454565,RRL,RRL
48524139,CEP,CEP
124060996,CEP,EB
23949454,RRL,RRL
153175044,EB,EB
47756716,EB,EB
29001346,CEP,CEP
13959812,RRL,RRL
5868393,EB,EB
159181421,EB,EB
27540069,RRL,RRL
133264002,EB,EB
26705337,DSCT,DSCT
62921104,RRL,RRL
110707046,EB,EB
110586130,CEP,CEP
30886821,DSCT,DSCT
29967703,RRL,RRL
14069488,CEP,CEP
92861401,EB,EB
124616422,DSCT,DSCT
150085861,CEP,CEP
102342397,CEP,CEP
113112107,DSCT,DSCT
115995350,CEP,CEP
29729750,CEP,CEP
24924546,RRL,RRL
85941409,DSCT,DSCT
12394005,RRL,RRL
90381263,EB,EB
100335202,CEP,CEP
19735870,EB,EB
26513998,RRL,RRL
69736424,RRL,RRL
123961159,DSCT,DSCT
20552682,DSCT,DSCT
11632101,DSCT,DSCT
77303227,EB,EB
120703378,EB,EB
89621283,CEP,CEP
52978216,DSCT,DSCT
95738488,DSCT,DSCT
152297409,CEP,CEP
26097924,EB,EB
64666275,RRL,RRL
156725719,EB,EB
35120589,CEP,CEP
118909528,EB,EB
119918977,EB,EB
87729384,CEP,EB
80707391,CEP,EB
71493771,EB,EB
86601298,CEP,CEP
123576131,CEP,CEP
63281272,RRL,RRL
14858841,DSCT,DSCT
25044783,CEP,CEP
17824796,CEP,CEP
27396038,RRL,RRL
118044620,EB,EB
46478564,RRL,RRL
13102209,DSCT,DSCT
86532715,EB,EB
112987245,CEP,CEP
16100762,RRL,RRL
24921286,CEP,CEP
79967589,DSCT,DSCT
47741203,EB,EB
66171269,RRL,RRL
38505852,DSCT,DSCT
20098617,CEP,CEP
16025225,RRL,RRL
50757700,RRL,RRL
133820927,CEP,CEP
25577941,RRL,RRL
93224409,EB,EB
40505136,DSCT,DSCT
135393209,CEP,CEP
75782691,DSCT,DSCT
75519843,CEP,CEP
100596626,CEP,CEP
66210245,CEP,CEP
80176226,CEP,CEP
125115964,DSCT,DSCT
104332293,EB,EB
27706581,EB,EB
2634580,RRL,RRL
68056925,DSCT,DSCT
118192738,EB,EB
1431815,RRL,RRL
124217867,CEP,CEP
71703566,RRL,RRL
96199434,DSCT,DSCT
7766670,RRL,RRL
120304257,EB,EB
107780671,CEP,CEP
8292384,RRL,RRL
134991345,EB,EB
59747237,RRL,RRL
75773982,DSCT,DSCT
52008913,RRL,RRL
29969454,EB,EB
100369097,DSCT,DSCT
88968856,CEP,CEP
65496377,RRL,RRL
60005465,RRL,RRL
107382362,DSCT,DSCT
140852616,DSCT,DSCT
118069054,DSCT,DSCT
128281536,EB,EB
117586218,DSCT,DSCT
130307557,CEP,CEP
143411332,EB,EB
154396067,EB,EB
44028154,EB,EB
70792651,DSCT,DSCT
14321626,DSCT,DSCT
107514899,CEP,EB
125004479,DSCT,DSCT
111179459,DSCT,DSCT
150941949,CEP,CEP
118072878,CEP,CEP
10191565,EB,EB
55434316,RRL,RRL
43668690,RRL,RRL
60389632,EB,EB
36107228,DSCT,DSCT
89833633,DSCT,DSCT
141294260,DSCT,DSCT
146906785,DSCT,DSCT
62138149,CEP,CEP
20622242,RRL,RRL
65759340,DSCT,DSCT
48041870,DSCT,DSCT
56233284,DSCT,DSCT
94106666,EB,EB
28856727,DSCT,DSCT
68613848,RRL,RRL
154302958,DSCT,DSCT
16561017,CEP,CEP
30260046,RRL,RRL
54166227,RRL,RRL
4986264,DSCT,DSCT
83110566,CEP,CEP
58645442,RRL,RRL
87131105,CEP,CEP
149783439,CEP,CEP
129017488,EB,EB
123355459,DSCT,DSCT
114286007,DSCT,DSCT
15573626,CEP,CEP
35862180,RRL,RRL
20111261,RRL,RRL
157791205,EB,EB
129270960,CEP,CEP
18028270,RRL,RRL
111804655,EB,DSCT
63252150,EB,EB
141332659,DSCT,DSCT
150191169,CEP,CEP
7323208,DSCT,DSCT
21831609,CEP,CEP
37784913,CEP,CEP
15366526,CEP,CEP
64524369,RRL,RRL
158471992,DSCT,DSCT
151332406,DSCT,DSCT
61609873,EB,EB
21089037,DSCT,DSCT
93731854,DSCT,DSCT
32015691,DSCT,DSCT
55028005,EB,EB
2173453,EB,RRL
121353169,EB,EB
30904688,RRL,RRL
51543287,DSCT,DSCT
79741142,EB,EB
60031309,RRL,RRL
45555512,CEP,CEP
90522408,CEP,CEP
84096908,DSCT,DSCT
144482823,CEP,CEP
117995532,DSCT,DSCT
113007633,EB,EB
57216472,RRL,RRL
42282904,RRL,RRL
92622638,EB,DSCT
71971186,RRL,RRL
8482736,DSCT,DSCT
100343460,DSCT,DSCT
87626245,DSCT,DSCT
68178415,DSCT,DSCT
29305975,RRL,RRL
97078825,CEP,CEP
5182491,DSCT,DSCT
124632727,EB,EB
60190893,RRL,RRL
103537377,CEP,CEP
44754919,EB,EB
117113819,DSCT,DSCT
19784653,DSCT,DSCT
2367215,CEP,CEP
19240457,CEP,CEP
16518821,RRL,RRL
122003982,CEP,CEP
153422451,EB,EB
58699393,DSCT,DSCT
47340254,RRL,RRL
122814348,EB,EB
43008229,RRL,RRL
33369400,EB,RRL
146594396,EB,EB
14238779,DSCT,DSCT
54283087,DSCT,DSCT
13483817,EB,EB
59571952,DSCT,DSCT
47853185,CEP,CEP
78904141,CEP,CEP
45647696,RRL,RRL
25192845,CEP,CEP
53524049,CEP,CEP
3211917,CEP,CEP
24662947,CEP,CEP
146837705,EB,EB
138571091,CEP,EB
79846746,EB,EB
30231081,RRL,RRL
93258625,DSCT,DSCT
47159427,RRL,RRL
142400962,CEP,CEP
17344804,DSCT,DSCT
83003594,CEP,CEP
4605464,CEP,CEP
72533332,DSCT,DSCT
33280775,CEP,CEP
63918682,RRL,RRL
25609674,RRL,RRL
110256321,CEP,CEP
21375550,CEP,CEP
92540011,EB,EB
47302858,DSCT,DSCT
159099121,CEP,CEP
90874901,EB,EB
90129391,EB,EB
141226298,EB,EB
108400241,EB,EB
53086057,RRL,RRL
63234662,CEP,CEP
97359084,EB,EB
119348348,DSCT,DSCT
75065665,EB,EB
66239232,EB,EB
68720138,EB,EB
35945059,CEP,CEP
153107970,EB,EB
145080251,DSCT,DSCT
8820645,DSCT,DSCT
11022580,RRL,RRL
59265726,RRL,RRL
2993083,RRL,RRL
73620390,CEP,CEP
87975285,DSCT,DSCT
8010288,DSCT,DSCT
39584134,RRL,RRL
36233426,DSCT,DSCT
73610983,EB,EB
70930225,RRL,RRL
102968434,EB,EB
82993401,EB,EB
2638790,RRL,RRL
141169695,EB,EB
4581872,CEP,CEP
71488815,RRL,RRL
143041328,DSCT,DSCT
26234036,RRL,RRL
145597700,CEP,CEP
45454334,DSCT,DSCT
47852180,EB,EB
90125185,CEP,CEP
77916389,DSCT,DSCT
63664769,DSCT,DSCT
85113518,DSCT,DSCT
43859235,CEP,CEP
113971688,DSCT,DSCT
67432872,RRL,RRL
19032442,CEP,CEP
107104467,CEP,CEP
40188094,RRL,RRL
90949429,EB,EB
156564556,EB,EB
126748943,EB,EB
2902366,DSCT,DSCT
110605650,CEP,CEP
57881921,RRL,RRL
4393457,DSCT,DSCT
5462018,DSCT,DSCT
32185083,RRL,RRL
78830969,EB,EB
54182862,EB,DSCT
119939637,CEP,CEP
9346654,CEP,CEP
16129083,CEP,CEP
69608283,RRL,RRL
78594510,CEP,CEP
34284990,RRL,RRL
153849525,EB,EB
43448532,CEP,CEP
119514684,EB,EB
1599426,EB,EB
96085646,EB,EB
51438954,EB,EB
100257890,EB,EB
12086812,DSCT,DSCT
95918884,CEP,CEP
30581982,CEP,RRL
18204261,RRL,RRL
144313636,DSCT,DSCT
32484228,CEP,CEP
50610308,CEP,CEP
137717145,EB,EB
136259884,CEP,EB
113316410,EB,EB
121017936,EB,EB
62609625,CEP,CEP
46188981,RRL,RRL
103510244,DSCT,DSCT
127156789,EB,EB
44130471,RRL,RRL
47707776,RRL,RRL
54588130,RRL,RRL
83912692,EB,EB
138029273,EB,EB
72029726,RRL,RRL
9588339,CEP,CEP
73744662,CEP,CEP
95670747,RRL,DSCT
53290898,RRL,RRL
143387572,CEP,CEP
124662157,EB,EB
21377504,RRL,RRL
74480100,DSCT,DSCT
21649373,RRL,RRL
53979893,RRL,RRL
56868326,EB,RRL
8268339,RRL,RRL
158506105,EB,EB
103654619,DSCT,DSCT
15332049,RRL,RRL
51750660,EB,EB
26208110,RRL,RRL
145643560,EB,EB
116352314,EB,DSCT
19721530,CEP,CEP
138511342,EB,EB
133318111,EB,EB
126785185,CEP,CEP
48835840,EB,DSCT
33830811,EB,EB
63958639,DSCT,DSCT
45408464,RRL,RRL
30019174,CEP,CEP
134290398,CEP,CEP
24929423,RRL,RRL
139685882,CEP,CEP
67168264,RRL,RRL
52840335,RRL,RRL
34666965,RRL,RRL
29534571,RRL,RRL
20297622,RRL,RRL
22184080,CEP,CEP
43310120,RRL,RRL
96837672,CEP,CEP
11331136,RRL,RRL
85676605,DSCT,DSCT
58889506,RRL,RRL
67383244,CEP,CEP
88176784,CEP,CEP
157058304,DSCT,DSCT
34678320,DSCT,DSCT
1339295,CEP,CEP
6172697,CEP,CEP
131592050,DSCT,DSCT
113299587,EB,EB
2098897,DSCT,DSCT
19989479,DSCT,DSCT
46336729,CEP,CEP
155128177,CEP,EB
31980015,CEP,CEP
90943285,EB,EB
10248896,EB,EB
20946642,DSCT,DSCT
37157061,EB,RRL
62926273,CEP,CEP
31681253,RRL,RRL
120969822,DSCT,DSCT
157883711,CEP,CEP
112124832,EB,EB
79041855,EB,EB
45540854,CEP,CEP
15770863,RRL,RRL
50476127,RRL,RRL
9270118,RRL,RRL
66251199,RRL,RRL
122759418,CEP,CEP
40535830,EB,EB
142158531,EB,EB
104823804,EB,EB
65870302,EB,RRL
76070963,CEP,EB
40445779,RRL,RRL
36518900,RRL,RRL
87983649,EB,EB
62540295,DSCT,DSCT
116214730,EB,EB
79314941,EB,EB
89301612,DSCT,DSCT
159192786,EB,EB
29961349,CEP,CEP
61960346,RRL,RRL
80406001,EB,EB
130188360,CEP,CEP
47612802,RRL,RRL
30592844,RRL,RRL
62770944,RRL,RRL
6904393,EB,EB
81774000,EB,EB
6210384,DSCT,DSCT
50200449,DSCT,DSCT
96598045,DSCT,DSCT
65270978,RRL,RRL
153515158,EB,EB
44332728,RRL,RRL
8313089,RRL,RRL
73145454,EB,EB
143000840,EB,EB
85091034,EB,EB
156598736,EB,EB
47159354,RRL,RRL
56229558,RRL,RRL
59598656,RRL,RRL
31734421,CEP,CEP
104407795,CEP,CEP
37974228,DSCT,DSCT
69224951,DSCT,DSCT
72680566,CEP,CEP
81517825,CEP,CEP
25333534,RRL,RRL
92355467,EB,EB
92166096,EB,EB
54311883,RRL,RRL
159076731,DSCT,DSCT
82265001,CEP,CEP
62868412,DSCT,DSCT
91736635,CEP,CEP
42905092,EB,EB
139348842,EB,EB
125103424,CEP,CEP
155937041,DSCT,DSCT
68124222,RRL,RRL
54742551,CEP,CEP
80188924,EB,EB
13925863,DSCT,DSCT
49572020,RRL,RRL
103991083,EB,EB
27135062,RRL,DSCT
37993493,EB,EB
66823011,CEP,CEP
33391328,RRL,RRL
46681686,RRL,RRL
111976469,CEP,CEP
113564762,EB,EB
65679604,EB,EB
30446034,RRL,RRL
32568005,CEP,CEP
113804216,EB,DSCT
55375376,CEP,CEP
43166054,EB,DSCT
139223487,CEP,CEP
59320696,EB,RRL
49658588,DSCT,DSCT
135212509,EB,EB
7919493,DSCT,DSCT
55584492,RRL,RRL
57050494,RRL,RRL
34676957,RRL,RRL
12062709,CEP,CEP
79437633,DSCT,DSCT
3524601,CEP,CEP
42727520,RRL,RRL
23377521,RRL,RRL
75231201,EB,EB
156941389,EB,EB
118048676,EB,EB
138729081,EB,EB
98640519,CEP,EB
4974915,RRL,RRL
16800005,DSCT,DSCT
36303858,RRL,RRL
6455181,DSCT,DSCT
58597521,DSCT,DSCT
62395315,DSCT,DSCT
62921466,RRL,RRL
135260682,DSCT,EB
83426046,DSCT,DSCT
149219203,EB,EB
45984811,DSCT,DSCT
78976103,EB,EB
61931401,CEP,CEP
57066860,DSCT,DSCT
37647462,DSCT,DSCT
129761876,EB,EB
8724351,RRL,RRL
25012793,EB,EB
87269138,EB,EB
157634814,DSCT,DSCT
41905656,CEP,CEP
12528830,CEP,CEP
4183976,CEP,CEP
45375795,RRL,RRL
152307139,EB,EB
29410249,RRL,RRL
39800396,CEP,CEP
156074442,DSCT,DSCT
122058486,EB,EB
142194752,EB,EB
155111344,DSCT,DSCT
35812157,RRL,RRL
64610974,CEP,CEP
40801471,RRL,RRL
3659922,RRL,RRL
55890579,DSCT,DSCT
145404689,EB,EB
138427934,CEP,CEP
44844759,RRL,RRL
32170848,DSCT,DSCT
137776324,EB,EB
32614166,RRL,RRL
54824836,RRL,RRL
70445893,RRL,RRL
126946146,DSCT,DSCT
44826469,CEP,CEP
42026781,RRL,DSCT
121619691,DSCT,DSCT
114935281,EB,EB
129206874,RRL,CEP
129755600,DSCT,DSCT
73781264,CEP,CEP
104597678,DSCT,DSCT
149696783,CEP,CEP
103972617,DSCT,DSCT
84597664,CEP,CEP
134781697,CEP,CEP
89951906,CEP,CEP
44885868,RRL,RRL
33018732,CEP,DSCT
23765215,EB,EB
80196545,EB,EB
60633415,RRL,RRL
80036017,EB,EB
111248634,CEP,CEP
67954641,DSCT,DSCT
74530747,RRL,CEP
151130112,EB,EB
77567359,EB,EB
106128378,DSCT,DSCT
127847145,EB,EB
119580649,DSCT,DSCT
35755223,EB,EB
112055928,DSCT,DSCT
46807701,RRL,RRL
138236829,DSCT,DSCT
104165953,CEP,CEP
70947363,EB,EB
130183089,CEP,CEP
42515314,RRL,RRL
32879724,CEP,CEP
80079195,EB,DSCT
113431243,EB,EB
120974412,CEP,EB
55786441,CEP,CEP
62576498,RRL,RRL
40802340,RRL,RRL
58188618,EB,CEP
21880067,CEP,EB
125919286,CEP,CEP
2450568,DSCT,DSCT
65624359,EB,EB
24294768,EB,EB
45212344,RRL,RRL
92756225,EB,EB
35770678,DSCT,DSCT
82875895,DSCT,DSCT
37956829,RRL,RRL
105212583,DSCT,DSCT
59747567,CEP,CEP
61242371,DSCT,DSCT
146240959,CEP,EB
40448611,EB,CEP
150802010,CEP,CEP
74513001,CEP,CEP
93605803,DSCT,DSCT
89692961,EB,EB
26393575,EB,DSCT
13444010,EB,DSCT
112847246,DSCT,DSCT
32690611,RRL,RRL
139877388,DSCT,DSCT
42437210,RRL,RRL
51305189,RRL,RRL
140370165,EB,EB
80826101,EB,EB
150151666,EB,EB
54948139,RRL,RRL
158843678,CEP,CEP
119540919,EB,EB
145944182,EB,EB
105965599,DSCT,DSCT
96093250,CEP,CEP
104483073,CEP,CEP
64440457,EB,EB
29815704,RRL,RRL
25083691,RRL,CEP
104608999,CEP,CEP
109210011,DSCT,DSCT
89999595,EB,DSCT
116109579,CEP,CEP
31989745,RRL,RRL
107738568,CEP,CEP
137874275,CEP,CEP
65959913,RRL,RRL
22833621,CEP,CEP
26565771,CEP,CEP
43559230,RRL,RRL
57229500,RRL,RRL
62378089,RRL,RRL
92970807,DSCT,DSCT
78183655,EB,EB
68208205,RRL,RRL
59146504,RRL,RRL
1233912,DSCT,DSCT
5069904,CEP,CEP
79266403,CEP,CEP
2497903,CEP,CEP
106963577,CEP,CEP
58412281,DSCT,DSCT
91866663,EB,EB
103381099,EB,DSCT
133853868,EB,EB
132440482,CEP,CEP
117464180,CEP,CEP
19613026,RRL,RRL
47811411,DSCT,DSCT
1793324,RRL,RRL
39464176,DSCT,DSCT
61035023,EB,EB
105264429,EB,EB
76183165,EB,EB
49434261,RRL,RRL
59754671,RRL,RRL
17922198,EB,EB
146819087,DSCT,DSCT
2696180,CEP,CEP
26128892,DSCT,DSCT
124834816,DSCT,DSCT
143655870,DSCT,DSCT
132356710,CEP,CEP
50198213,DSCT,DSCT
114885545,CEP,CEP
8755294,EB,DSCT
105266015,CEP,CEP
32078190,RRL,RRL
65702411,DSCT,DSCT
107660105,EB,EB
158420818,EB,EB
22036018,RRL,RRL
53358169,RRL,RRL
45288739,RRL,RRL
87359256,DSCT,DSCT
158025842,EB,EB
123421086,EB,EB
149415674,CEP,CEP
65368254,RRL,RRL
90751530,CEP,CEP
117161621,EB,EB
51988780,DSCT,DSCT
32033930,DSCT,DSCT
48122575,RRL,RRL
133743924,EB,EB
122747545,EB,EB
59831172,DSCT,DSCT
40819236,EB,EB
127908347,CEP,CEP
68876879,RRL,RRL
72851348,RRL,RRL
3300142,CEP,CEP
130723508,CEP,CEP
33720777,DSCT,DSCT
138482298,DSCT,DSCT
117917291,EB,EB
145324624,EB,EB
48829266,RRL,RRL
153862231,EB,EB
75336893,DSCT,DSCT
7983266,RRL,RRL
87333398,EB,EB
122833814,CEP,CEP
95809386,CEP,CEP
32595572,RRL,RRL
35385492,RRL,RRL
50015020,EB,EB
51109223,RRL,RRL
127180618,EB,EB
95280778,EB,EB
1067946,CEP,CEP
48385931,EB,RRL
67072336,DSCT,DSCT
47914851,RRL,RRL
43617570,RRL,RRL
6970879,RRL,RRL
29761656,RRL,RRL
134657141,EB,EB
61697902,RRL,RRL
90142254,CEP,EB
82685276,CEP,EB
110605307,CEP,CEP
38465798,RRL,RRL
133892535,DSCT,DSCT
19488445,DSCT,DSCT
94641354,EB,EB
67550550,EB,EB
60842744,RRL,DSCT
42614587,CEP,CEP
77317116,EB,EB
139400659,CEP,CEP
94270647,DSCT,DSCT
48632396,DSCT,DSCT
5892978,DSCT,DSCT
40075319,CEP,CEP
8819006,EB,RRL
34082277,RRL,RRL
20807274,RRL,RRL
6114152,RRL,RRL
41441169,RRL,RRL
73169747,EB,EB
54384750,DSCT,DSCT
108153024,CEP,CEP
50090512,CEP,CEP
91616453,EB,DSCT
42558308,CEP,CEP
63239160,RRL,RRL
115251948,DSCT,DSCT
133592878,DSCT,DSCT
53759266,EB,DSCT
36312399,EB,EB
30970967,CEP,CEP
74698186,EB,DSCT
14422448,RRL,RRL
108805109,CEP,CEP
35909135,DSCT,DSCT
6339453,EB,DSCT
6322494,RRL,RRL
146587282,CEP,EB
49871795,DSCT,DSCT
93597992,EB,EB
1888449,RRL,RRL
137518954,DSCT,DSCT
12025115,DSCT,DSCT
18382238,CEP,CEP
144163667,CEP,CEP
132168012,EB,EB
42879046,DSCT,DSCT
127708338,EB,EB
69230687,RRL,RRL
26333370,RRL,RRL
136896980,EB,EB
154241068,DSCT,DSCT
73799575,CEP,CEP
127346227,CEP,CEP
9485983,RRL,RRL
14441689,DSCT,DSCT
44523678,EB,EB
149305064,EB,EB
52477450,CEP,CEP
89131872,DSCT,DSCT
5530507,DSCT,DSCT
33016793,RRL,RRL
93986346,DSCT,DSCT
155893412,DSCT,DSCT
33339208,CEP,CEP
76211971,CEP,CEP
74853065,EB,EB
51885084,RRL,RRL
74271146,EB,EB
96717109,DSCT,DSCT
65243930,RRL,RRL
27257246,RRL,RRL
125280416,EB,EB
88359100,CEP,CEP
57537529,RRL,RRL
25205105,CEP,CEP
85703924,CEP,CEP
32595700,DSCT,DSCT
58214286,EB,EB
69122032,RRL,RRL
126691829,EB,EB
136002260,DSCT,DSCT
8747695,EB,EB
27554289,RRL,RRL
145515254,CEP,CEP
71730491,RRL,RRL
110884365,EB,EB
67630348,CEP,CEP
46166351,RRL,RRL
129396945,DSCT,DSCT
54881786,DSCT,DSCT
121785535,DSCT,DSCT
96990415,EB,EB
147774494,EB,EB
22504692,RRL,RRL
11330816,RRL,RRL
60075713,RRL,RRL
39567682,CEP,CEP
86497158,DSCT,DSCT
130548164,DSCT,DSCT
124552760,CEP,CEP
83471242,EB,EB
71101498,RRL,RRL
73507340,EB,EB
133519111,CEP,CEP
40130240,DSCT,DSCT
65957208,RRL,RRL
136487129,DSCT,DSCT
93393705,CEP,CEP
101224795,DSCT,DSCT
73313133,RRL,RRL
124865581,DSCT,DSCT
110255153,DSCT,DSCT
67783735,RRL,RRL
76476082,CEP,CEP
53359230,EB,DSCT
8534570,CEP,CEP
110809134,DSCT,DSCT
94334683,EB,EB
75529148,CEP,CEP
77960338,CEP,CEP
145698025,EB,EB
13511065,DSCT,DSCT
133654987,EB,DSCT
2746505,CEP,CEP
138931514,EB,EB
45589931,RRL,RRL
138597552,CEP,CEP
40607012,EB,EB
120789882,DSCT,DSCT
87665721,EB,EB
127901389,EB,EB
66141585,RRL,RRL
18537806,CEP,CEP
57747462,DSCT,DSCT
130550843,CEP,CEP
28604377,RRL,RRL
115740913,EB,EB
37082440,DSCT,DSCT
147371602,DSCT,DSCT
41676915,CEP,CEP
78580493,CEP,CEP
64697053,EB,DSCT
36662106,DSCT,DSCT
101670987,EB,EB
82974488,CEP,CEP
10202628,RRL,RRL
130910834,CEP,CEP
108816173,EB,EB
4573115,RRL,RRL
127067939,CEP,CEP
98149734,CEP,CEP
117703241,EB,DSCT
80029419,CEP,CEP
71041690,RRL,RRL
109022206,EB,EB
68460577,CEP,CEP
10468055,RRL,RRL
67400123,RRL,RRL
118009447,EB,EB
80375558,DSCT,DSCT
49984461,DSCT,DSCT
82020513,CEP,CEP
44317227,EB,EB
133025946,DSCT,DSCT
32816783,RRL,RRL
31266337,CEP,CEP
8627040,DSCT,DSCT
1758538,RRL,RRL
62358819,EB,EB
68474762,RRL,RRL
32593511,CEP,CEP
56888296,RRL,RRL
152283415,EB,EB
11761335,DSCT,DSCT
26644849,CEP,CEP
60818358,RRL,RRL
144337503,CEP,CEP
85130469,EB,EB
64256109,CEP,CEP
56496946,CEP,CEP
98140353,EB,EB
158661918,CEP,CEP
59638710,CEP,CEP
6028382,CEP,CEP
127910489,DSCT,DSCT
137341369,CEP,CEP
78469882,CEP,CEP
84944170,DSCT,DSCT
48638577,RRL,RRL
35022370,CEP,CEP
82368075,CEP,CEP
5539524,EB,EB
158332744,CEP,EB
5158093,CEP,CEP
4992083,DSCT,DSCT
60938415,RRL,RRL
28197733,EB,RRL
9523443,RRL,RRL
26394607,CEP,CEP
127006471,EB,EB
105446076,EB,DSCT
51458877,EB,EB
47192201,RRL,RRL
111267584,EB,EB
114308907,CEP,CEP
7665889,RRL,RRL
24214507,RRL,RRL
71340879,EB,EB
96697683,EB,EB
36614394,RRL,RRL
110416252,EB,EB
121470978,EB,EB
136738616,CEP,CEP
38175494,CEP,CEP
122452334,DSCT,DSCT
19056063,RRL,RRL
16542608,DSCT,DSCT
93107591,CEP,EB
60427660,DSCT,DSCT
136878134,EB,EB
102183540,CEP,CEP
49976509,EB,EB
106761594,CEP,CEP
106157683,CEP,CEP
38128932,RRL,RRL
58496209,CEP,CEP
64694218,EB,EB
40814100,DSCT,DSCT
141721356,EB,EB
12385626,DSCT,DSCT
128128272,EB,EB
4019638,CEP,CEP
45691277,RRL,RRL
59849436,EB,EB
40815981,CEP,CEP
98410480,CEP,CEP
37426259,EB,DSCT
104523451,DSCT,DSCT
87928993,EB,EB
94536097,EB,EB
83817682,DSCT,DSCT
94379926,EB,EB
77110301,EB,EB
93171765,EB,DSCT
20725526,RRL,RRL
134084819,EB,EB
38835177,CEP,CEP
130423089,CEP,CEP
87519921,CEP,CEP
157676865,EB,EB
8213676,CEP,CEP
85647770,EB,EB
30252982,RRL,RRL
56335125,DSCT,DSCT
15709952,CEP,CEP
105654330,EB,EB
2136099,RRL,RRL
53523206,CEP,CEP
104934322,CEP,CEP
57818110,EB,EB
28411566,EB,EB
77759310,EB,EB
22999778,RRL,RRL
72311280,CEP,EB
14764029,DSCT,DSCT
9709499,DSCT,DSCT
98571842,DSCT,DSCT
28815633,CEP,CEP
85422668,EB,EB
117796085,EB,EB
71905707,RRL,RRL
117397211,CEP,CEP
29528792,DSCT,DSCT
96264186,DSCT,DSCT
8183639,RRL,RRL
60837310,DSCT,DSCT
48478306,RRL,RRL
117242795,EB,EB
8566808,DSCT,DSCT
83382151,CEP,CEP
6685705,EB,CEP
125188582,EB,EB
49850945,RRL,RRL
78415339,CEP,CEP
119207831,CEP,CEP
52299132,CEP,CEP
99663051,DSCT,DSCT
144057568,CEP,CEP
37879168,RRL,RRL
25603149,CEP,CEP
100387415,CEP,CEP
9888453,RRL,RRL
58594399,DSCT,DSCT
57763583,RRL,RRL
78560972,DSCT,DSCT
89983177,EB,EB
48966013,DSCT,DSCT
110005625,DSCT,DSCT
48135547,CEP,CEP
68431291,CEP,CEP
122460762,CEP,CEP
123962151,DSCT,DSCT
55392031,RRL,RRL
133953934,CEP,CEP
89267154,EB,EB
113238114,EB,EB
114845436,EB,EB
42414164,RRL,RRL
131359260,CEP,CEP
105206512,DSCT,DSCT
79649961,EB,EB
108721156,CEP,CEP
47413591,CEP,CEP
111764268,CEP,CEP
69326245,DSCT,DSCT
145345281,EB,EB
71582801,RRL,RRL
43838290,EB,EB
45053867,DSCT,DSCT
146256815,EB,EB
125758084,EB,EB
80457512,CEP,CEP
114556519,DSCT,DSCT
47496692,CEP,CEP
97653885,EB,CEP
148008719,EB,EB
79487963,EB,EB
93406467,CEP,CEP
12783677,RRL,RRL
107695305,EB,EB
6189665,DSCT,DSCT
97507849,EB,EB
6668733,RRL,RRL
15563918,DSCT,DSCT
35200497,EB,EB
96210795,EB,EB
29334343,RRL,RRL
73883925,EB,EB
138165775,CEP,CEP
31610537,EB,EB
55604427,RRL,RRL
6910098,RRL,RRL
111977841,DSCT,DSCT
146577580,DSCT,DSCT
103637877,DSCT,DSCT
31728571,RRL,RRL
18576982,EB,RRL
147727407,EB,EB
128362271,CEP,CEP
18834842,RRL,RRL
38987627,RRL,RRL
12545267,RRL,RRL
138399094,CEP,CEP
28376094,DSCT,DSCT
57934885,RRL,RRL
26465359,RRL,RRL
77328796,DSCT,DSCT
144526085,EB,DSCT
53331242,RRL,RRL
37560278,CEP,CEP
51047102,RRL,RRL
27344258,RRL,RRL
101561282,CEP,CEP
80669591,EB,EB
139124836,CEP,CEP
19328702,CEP,CEP
74872860,CEP,CEP
59809459,RRL,RRL
48283210,CEP,CEP
16214933,DSCT,DSCT
125201883,EB,EB
